<?xml version="1.0" encoding="UTF-8" standalone="yes"?>
<kml xmlns="http://www.opengis.net/kml/2.2" xmlns:ns2="http://www.google.com/kml/ext/2.2" xmlns:ns3="http://www.w3.org/2005/Atom" xmlns:ns4="urn:oasis:names:tc:ciq:xsdschema:xAL:2.0">
    <Document>
        <Schema name="research_blocks_1" id="research_blocks_1">
            <SimpleField type="int" name="GAR_ID"/>
            <SimpleField type="string" name="GAR_Name"/>
            <SimpleField type="string" name="GAR_Short_Label"/>
            <SimpleField type="string" name="GAR_Long_Label"/>
            <SimpleField type="string" name="GAR_Start_Date"/>
            <SimpleField type="string" name="GAR_End_Date"/>
            <SimpleField type="string" name="GAR_Description"/>
            <SimpleField type="string" name="GAR_Reference"/>
            <SimpleField type="int" name="GAR_Parent_ID"/>
            <SimpleField type="int" name="ATY_ID"/>
            <SimpleField type="string" name="CreatedBy"/>
            <SimpleField type="string" name="CreatedOn"/>
            <SimpleField type="string" name="ModifiedBy"/>
            <SimpleField type="string" name="ModifiedOn"/>
            <SimpleField type="string" name="GAR_Size"/>
        </Schema>
        <Folder>
            <name>research_blocks</name>
            <Placemark id="research_blocks.92756">
                <ExtendedData>
                    <SchemaData schemaUrl="#research_blocks_1">
                        <SimpleData name="GAR_ID">92756</SimpleData>
                        <SimpleData name="GAR_Name">Research Block 48.6_3</SimpleData>
                        <SimpleData name="GAR_Short_Label">486_3</SimpleData>
                        <SimpleData name="GAR_Long_Label">48.6_3</SimpleData>
                        <SimpleData name="GAR_Start_Date">2012-11-30Z</SimpleData>
                        <SimpleData name="GAR_Description">CONSERVATION MEASURE 41-04(2012)</SimpleData>
                        <SimpleData name="GAR_Reference">CONSERVATION MEASURE 41-04(2012)</SimpleData>
                        <SimpleData name="ATY_ID">7</SimpleData>
                        <SimpleData name="CreatedBy">tim</SimpleData>
                        <SimpleData name="CreatedOn">2016-11-29T07:00:17Z</SimpleData>
                        <SimpleData name="ModifiedBy">tim</SimpleData>
                        <SimpleData name="ModifiedOn">2016-11-29T07:00:17Z</SimpleData>
                        <SimpleData name="GAR_Size">31409.91</SimpleData>
                    </SchemaData>
                </ExtendedData>
                <Polygon>
                    <outerBoundaryIs>
                        <LinearRing>
                            <tessellate>1</tessellate>
                            <coordinates>7.0,-64.99999999562158 6.999999999999999,-64.49999999588142 6.142857099999999,-64.49999999588142 5.2857143,-64.49999999588142 4.4285714,-64.49999999588142 3.5714286000000004,-64.49999999588142 2.7142857,-64.49999999588142 1.8571429,-64.49999999588142 0.9999999999999999,-64.49999999588142 1.0,-65.999999995125 2.0,-65.999999995125 3.0000000000000004,-65.999999995125 4.0,-65.999999995125 4.0,-64.99999999562158 4.75,-64.99999999562156 5.499999999999999,-64.99999999562158 6.25,-64.99999999562158 7.0,-64.99999999562158</coordinates>
                        </LinearRing>
                    </outerBoundaryIs>
                </Polygon>
            </Placemark>
            <Placemark id="research_blocks.92770">
                <ExtendedData>
                    <SchemaData schemaUrl="#research_blocks_1">
                        <SimpleData name="GAR_ID">92770</SimpleData>
                        <SimpleData name="GAR_Name">Research Block 88.2_4</SimpleData>
                        <SimpleData name="GAR_Short_Label">882_4</SimpleData>
                        <SimpleData name="GAR_Long_Label">88.2_4</SimpleData>
                        <SimpleData name="GAR_Start_Date">2014-11-30Z</SimpleData>
                        <SimpleData name="GAR_Description">CONSERVATION MEASURE 41-10(2014)</SimpleData>
                        <SimpleData name="GAR_Reference">CONSERVATION MEASURE 41-10(2014)</SimpleData>
                        <SimpleData name="ATY_ID">7</SimpleData>
                        <SimpleData name="CreatedBy">tim</SimpleData>
                        <SimpleData name="CreatedOn">2016-11-29T07:00:17Z</SimpleData>
                        <SimpleData name="ModifiedBy">tim</SimpleData>
                        <SimpleData name="ModifiedOn">2016-11-29T07:00:17Z</SimpleData>
                        <SimpleData name="GAR_Size">88396.75</SimpleData>
                    </SchemaData>
                </ExtendedData>
                <Polygon>
                    <outerBoundaryIs>
                        <LinearRing>
                            <tessellate>1</tessellate>
                            <coordinates>-128.0,-74.69999999294575 -128.0,-72.59999999304434 -128.9230769,-72.59999999304434 -129.8461538,-72.59999999304434 -130.7692308,-72.59999999304434 -131.6923077,-72.59999999304434 -132.6153846,-72.59999999304434 -133.53846150000004,-72.59999999304434 -134.46153850000002,-72.59999999304434 -135.3846154,-72.59999999304434 -136.3076923,-72.59999999304434 -137.2307692,-72.59999999304434 -138.1538462,-72.59999999304434 -139.0769231,-72.59999999304434 -140.0,-72.59999999304434 -140.0,-74.69999999294575 -139.0769231,-74.69999999294575 -138.1538462,-74.69999999294575 -137.2307692,-74.69999999294575 -136.3076923,-74.69999999294575 -135.3846154,-74.69999999294575 -134.46153850000002,-74.69999999294575 -133.53846150000004,-74.69999999294575 -132.6153846,-74.69999999294575 -131.6923077,-74.69999999294575 -130.7692308,-74.69999999294575 -129.8461538,-74.69999999294575 -128.9230769,-74.69999999294575 -128.0,-74.69999999294575</coordinates>
                        </LinearRing>
                    </outerBoundaryIs>
                </Polygon>
            </Placemark>
            <Placemark id="research_blocks.92771">
                <ExtendedData>
                    <SchemaData schemaUrl="#research_blocks_1">
                        <SimpleData name="GAR_ID">92771</SimpleData>
                        <SimpleData name="GAR_Name">Research Block 88.3_1</SimpleData>
                        <SimpleData name="GAR_Short_Label">883_1</SimpleData>
                        <SimpleData name="GAR_Long_Label">88.3_1</SimpleData>
                        <SimpleData name="GAR_Start_Date">2015-11-30Z</SimpleData>
                        <SimpleData name="GAR_Description"> WG-FSA-15 report Figure 2&#xD;
</SimpleData>
                        <SimpleData name="GAR_Reference"> WG-FSA-15 report Figure 2&#xD;
</SimpleData>
                        <SimpleData name="ATY_ID">7</SimpleData>
                        <SimpleData name="CreatedBy">tim</SimpleData>
                        <SimpleData name="CreatedOn">2016-11-29T07:00:17Z</SimpleData>
                        <SimpleData name="ModifiedBy">tim</SimpleData>
                        <SimpleData name="ModifiedOn">2016-11-29T07:00:17Z</SimpleData>
                        <SimpleData name="GAR_Size">12167.02</SimpleData>
                    </SchemaData>
                </ExtendedData>
                <Polygon>
                    <outerBoundaryIs>
                        <LinearRing>
                            <tessellate>1</tessellate>
                            <coordinates>-102.0,-71.49999999321454 -102.0,-70.49999999343689 -102.75000000000003,-70.49999999343689 -103.49999999999999,-70.49999999343689 -104.25,-70.49999999343689 -105.0,-70.49999999343689 -105.0,-71.49999999321454 -104.25,-71.49999999321454 -103.49999999999999,-71.49999999321454 -102.75,-71.49999999321454 -102.0,-71.49999999321454</coordinates>
                        </LinearRing>
                    </outerBoundaryIs>
                </Polygon>
            </Placemark>
            <Placemark id="research_blocks.92755">
                <ExtendedData>
                    <SchemaData schemaUrl="#research_blocks_1">
                        <SimpleData name="GAR_ID">92755</SimpleData>
                        <SimpleData name="GAR_Name">Research Block 48.6_2</SimpleData>
                        <SimpleData name="GAR_Short_Label">486_2</SimpleData>
                        <SimpleData name="GAR_Long_Label">48.6_2</SimpleData>
                        <SimpleData name="GAR_Start_Date">2012-11-30Z</SimpleData>
                        <SimpleData name="GAR_Description">CONSERVATION MEASURE 41-04(2012)</SimpleData>
                        <SimpleData name="GAR_Reference">CONSERVATION MEASURE 41-04(2012)</SimpleData>
                        <SimpleData name="ATY_ID">7</SimpleData>
                        <SimpleData name="CreatedBy">tim</SimpleData>
                        <SimpleData name="CreatedOn">2016-11-29T07:00:17Z</SimpleData>
                        <SimpleData name="ModifiedBy">tim</SimpleData>
                        <SimpleData name="ModifiedOn">2016-11-29T07:00:17Z</SimpleData>
                        <SimpleData name="GAR_Size">144024.21</SimpleData>
                    </SchemaData>
                </ExtendedData>
                <Polygon>
                    <outerBoundaryIs>
                        <LinearRing>
                            <tessellate>1</tessellate>
                            <coordinates>7.0,-53.000000001619036 6.0,-53.000000001619036 4.999999999999999,-53.00000000161902 4.0,-53.000000001619036 3.0000000000000013,-53.000000001619036 3.0,-53.5000000014666 2.5000000000000004,-53.5000000014666 1.9999999999999998,-53.5000000014666 2.0,-54.00000000129852 1.0000000000000002,-54.00000000129852 1.0,-55.00000000091873 2.0,-55.00000000091873 1.9999999999999998,-55.500000000708866 2.666666700000001,-55.50000000070888 3.3333333000000005,-55.50000000070888 3.9999999999999996,-55.500000000708866 4.000000000000001,-56.50000000025397 4.75,-56.50000000025397 5.499999999999999,-56.50000000025396 6.249999999999999,-56.50000000025396 7.0,-56.50000000025397 6.999999999999999,-56.00000000048697 8.0,-56.00000000048697 7.999999999999999,-54.00000000129852 9.0,-54.00000000129852 9.0,-53.00000000161902 7.999999999999999,-53.000000001619036 7.0,-53.000000001619036</coordinates>
                        </LinearRing>
                    </outerBoundaryIs>
                </Polygon>
            </Placemark>
            <Placemark id="research_blocks.92757">
                <ExtendedData>
                    <SchemaData schemaUrl="#research_blocks_1">
                        <SimpleData name="GAR_ID">92757</SimpleData>
                        <SimpleData name="GAR_Name">Research Block 48.6_4</SimpleData>
                        <SimpleData name="GAR_Short_Label">486_4</SimpleData>
                        <SimpleData name="GAR_Long_Label">48.6_4</SimpleData>
                        <SimpleData name="GAR_Start_Date">2015-11-30Z</SimpleData>
                        <SimpleData name="GAR_Description">CONSERVATION MEASURE 41-04(2015)</SimpleData>
                        <SimpleData name="GAR_Reference">CONSERVATION MEASURE 41-04(2015)</SimpleData>
                        <SimpleData name="ATY_ID">7</SimpleData>
                        <SimpleData name="CreatedBy">tim</SimpleData>
                        <SimpleData name="CreatedOn">2016-11-29T07:00:17Z</SimpleData>
                        <SimpleData name="ModifiedBy">tim</SimpleData>
                        <SimpleData name="ModifiedOn">2016-11-29T07:00:17Z</SimpleData>
                        <SimpleData name="GAR_Size">28889.08</SimpleData>
                    </SchemaData>
                </ExtendedData>
                <Polygon>
                    <outerBoundaryIs>
                        <LinearRing>
                            <tessellate>1</tessellate>
                            <coordinates>12.999999999999998,-69.49999999371991 13.000000000000004,-68.32999999412299 12.25,-68.32999999412299 11.500000000000002,-68.32999999412299 10.750000000000002,-68.32999999412299 9.999999999999998,-68.32999999412299 9.999999999999998,-68.99999999388302 9.2,-68.99999999388302 8.400000000000002,-68.99999999388302 7.6,-68.99999999388302 6.800000000000001,-68.99999999388302 5.999999999999999,-68.99999999388302 6.0,-69.74999999364361 6.800000000000001,-69.74999999364361 7.6,-69.74999999364361 8.4,-69.74999999364361 9.2,-69.74999999364361 9.999999999999998,-69.74999999364361 10.0,-69.49999999371991 10.999999999999998,-69.49999999371991 12.0,-69.49999999371991 12.999999999999998,-69.49999999371991</coordinates>
                        </LinearRing>
                    </outerBoundaryIs>
                </Polygon>
            </Placemark>
            <Placemark id="research_blocks.92758">
                <ExtendedData>
                    <SchemaData schemaUrl="#research_blocks_1">
                        <SimpleData name="GAR_ID">92758</SimpleData>
                        <SimpleData name="GAR_Name">Research Block 48.6_5</SimpleData>
                        <SimpleData name="GAR_Short_Label">486_5</SimpleData>
                        <SimpleData name="GAR_Long_Label">48.6_5</SimpleData>
                        <SimpleData name="GAR_Start_Date">2013-11-30Z</SimpleData>
                        <SimpleData name="GAR_Description">CONSERVATION MEASURE 41-04(2013)</SimpleData>
                        <SimpleData name="GAR_Reference">CONSERVATION MEASURE 41-04(2013)</SimpleData>
                        <SimpleData name="ATY_ID">7</SimpleData>
                        <SimpleData name="CreatedBy">tim</SimpleData>
                        <SimpleData name="CreatedOn">2016-11-29T07:00:17Z</SimpleData>
                        <SimpleData name="ModifiedBy">tim</SimpleData>
                        <SimpleData name="ModifiedOn">2016-11-29T07:00:17Z</SimpleData>
                        <SimpleData name="GAR_Size">24790.32</SimpleData>
                    </SchemaData>
                </ExtendedData>
                <MultiGeometry>
                    <Polygon>
                        <outerBoundaryIs>
                            <LinearRing>
<tessellate>1</tessellate>
<coordinates>-14.999999999999996,-71.49999999321454 -14.2,-71.49999999321454 -13.399999999999999,-71.49999999321454 -12.599999999999996,-71.49999999321454 -11.799999999999999,-71.49999999321454 -10.999999999999998,-71.49999999321454 -10.999999999999998,-70.99999999331776 -10.5,-70.99999999331776 -10.0,-70.99999999331776 -9.999999999999998,-70.49999999343689 -11.5,-70.49999999343689 -12.250000000000002,-70.4999999934369 -13.000000000000004,-70.49999999343689 -13.000000000000002,-70.99999999331776 -13.6666667,-70.99999999331776 -14.3333333,-70.99999999331776 -14.999999999999996,-70.99999999331776 -14.999999999999996,-71.49999999321454</coordinates>
                            </LinearRing>
                        </outerBoundaryIs>
                    </Polygon>
                    <Polygon>
                        <outerBoundaryIs>
                            <LinearRing>
<tessellate>1</tessellate>
<coordinates>-9.999999999999998,-70.49999999343689 -9.0,-70.49999999343689 -8.0,-70.49999999343689 -7.0,-70.49999999343689 -7.0,-69.49999999371991 -8.0,-69.49999999371991 -7.9999999999999964,-69.99999999357102 -8.5,-69.99999999357102 -9.0,-69.99999999357102 -9.000000000000002,-69.49999999371991 -10.0,-69.49999999371991 -9.999999999999998,-70.49999999343689</coordinates>
                            </LinearRing>
                        </outerBoundaryIs>
                    </Polygon>
                </MultiGeometry>
            </Placemark>
            <Placemark id="research_blocks.92759">
                <ExtendedData>
                    <SchemaData schemaUrl="#research_blocks_1">
                        <SimpleData name="GAR_ID">92759</SimpleData>
                        <SimpleData name="GAR_Name">Research Block 58.4.1_1</SimpleData>
                        <SimpleData name="GAR_Short_Label">5841_1</SimpleData>
                        <SimpleData name="GAR_Long_Label">58.4.1_1</SimpleData>
                        <SimpleData name="GAR_Start_Date">2012-11-30Z</SimpleData>
                        <SimpleData name="GAR_Description">CONSERVATION MEASURE 41-11(2012)</SimpleData>
                        <SimpleData name="GAR_Reference">CONSERVATION MEASURE 41-11(2012)</SimpleData>
                        <SimpleData name="ATY_ID">7</SimpleData>
                        <SimpleData name="CreatedBy">tim</SimpleData>
                        <SimpleData name="CreatedOn">2016-11-29T07:00:17Z</SimpleData>
                        <SimpleData name="ModifiedBy">tim</SimpleData>
                        <SimpleData name="ModifiedOn">2016-11-29T07:00:17Z</SimpleData>
                        <SimpleData name="GAR_Size">44634.64</SimpleData>
                    </SchemaData>
                </ExtendedData>
                <Polygon>
                    <outerBoundaryIs>
                        <LinearRing>
                            <tessellate>1</tessellate>
                            <coordinates>95.0,-65.49999999536907 95.0,-63.99999999614817 94.25,-63.99999999614817 93.49999999999999,-63.99999999614817 92.75,-63.99999999614817 92.0,-63.99999999614817 92.0,-64.49999999588142 91.0,-64.49999999588142 90.0,-64.49999999588142 90.0,-65.999999995125 91.0,-65.999999995125 92.0,-65.999999995125 93.00000000000001,-65.999999995125 94.00000000000003,-65.999999995125 94.00000000000003,-65.49999999536907 95.0,-65.49999999536907</coordinates>
                        </LinearRing>
                    </outerBoundaryIs>
                </Polygon>
            </Placemark>
            <Placemark id="research_blocks.92760">
                <ExtendedData>
                    <SchemaData schemaUrl="#research_blocks_1">
                        <SimpleData name="GAR_ID">92760</SimpleData>
                        <SimpleData name="GAR_Name">Research Block 58.4.1_2</SimpleData>
                        <SimpleData name="GAR_Short_Label">5841_2</SimpleData>
                        <SimpleData name="GAR_Long_Label">58.4.1_2</SimpleData>
                        <SimpleData name="GAR_Start_Date">2012-11-30Z</SimpleData>
                        <SimpleData name="GAR_Description">CONSERVATION MEASURE 41-11(2012)</SimpleData>
                        <SimpleData name="GAR_Reference">CONSERVATION MEASURE 41-11(2012)</SimpleData>
                        <SimpleData name="ATY_ID">7</SimpleData>
                        <SimpleData name="CreatedBy">tim</SimpleData>
                        <SimpleData name="CreatedOn">2016-11-29T07:00:17Z</SimpleData>
                        <SimpleData name="ModifiedBy">tim</SimpleData>
                        <SimpleData name="ModifiedOn">2016-11-29T07:00:17Z</SimpleData>
                        <SimpleData name="GAR_Size">49671.32</SimpleData>
                    </SchemaData>
                </ExtendedData>
                <Polygon>
                    <outerBoundaryIs>
                        <LinearRing>
                            <tessellate>1</tessellate>
                            <coordinates>100.0,-64.99999999562158 100.0,-62.49999999697811 99.2,-62.499999996978104 98.40000000000002,-62.499999996978104 97.6,-62.49999999697811 96.80000000000001,-62.49999999697811 96.00000000000001,-62.49999999697811 96.00000000000001,-63.99999999614817 96.5,-63.99999999614817 97.0,-63.99999999614817 97.0,-64.99999999562158 98.0,-64.99999999562158 99.00000000000001,-64.99999999562156 100.0,-64.99999999562158</coordinates>
                        </LinearRing>
                    </outerBoundaryIs>
                </Polygon>
            </Placemark>
            <Placemark id="research_blocks.92761">
                <ExtendedData>
                    <SchemaData schemaUrl="#research_blocks_1">
                        <SimpleData name="GAR_ID">92761</SimpleData>
                        <SimpleData name="GAR_Name">Research Block 58.4.1_3</SimpleData>
                        <SimpleData name="GAR_Short_Label">5841_3</SimpleData>
                        <SimpleData name="GAR_Long_Label">58.4.1_3</SimpleData>
                        <SimpleData name="GAR_Start_Date">2012-11-30Z</SimpleData>
                        <SimpleData name="GAR_Description">CONSERVATION MEASURE 41-11(2012)</SimpleData>
                        <SimpleData name="GAR_Reference">CONSERVATION MEASURE 41-11(2012)</SimpleData>
                        <SimpleData name="ATY_ID">7</SimpleData>
                        <SimpleData name="CreatedBy">tim</SimpleData>
                        <SimpleData name="CreatedOn">2016-11-29T07:00:17Z</SimpleData>
                        <SimpleData name="ModifiedBy">tim</SimpleData>
                        <SimpleData name="ModifiedOn">2016-11-29T07:00:17Z</SimpleData>
                        <SimpleData name="GAR_Size">31559.85</SimpleData>
                    </SchemaData>
                </ExtendedData>
                <Polygon>
                    <outerBoundaryIs>
                        <LinearRing>
                            <tessellate>1</tessellate>
                            <coordinates>115.00000000000003,-65.999999995125 115.00000000000003,-63.99999999614817 114.25,-63.99999999614817 113.50000000000001,-63.99999999614817 112.74999999999999,-63.99999999614817 112.0,-63.99999999614817 112.0,-65.999999995125 113.00000000000001,-65.999999995125 114.00000000000001,-65.999999995125 115.00000000000003,-65.999999995125</coordinates>
                        </LinearRing>
                    </outerBoundaryIs>
                </Polygon>
            </Placemark>
            <Placemark id="research_blocks.92762">
                <ExtendedData>
                    <SchemaData schemaUrl="#research_blocks_1">
                        <SimpleData name="GAR_ID">92762</SimpleData>
                        <SimpleData name="GAR_Name">Research Block 58.4.1_4</SimpleData>
                        <SimpleData name="GAR_Short_Label">5841_4</SimpleData>
                        <SimpleData name="GAR_Long_Label">58.4.1_4</SimpleData>
                        <SimpleData name="GAR_Start_Date">2012-11-30Z</SimpleData>
                        <SimpleData name="GAR_Description">CONSERVATION MEASURE 41-11(2012)</SimpleData>
                        <SimpleData name="GAR_Reference">CONSERVATION MEASURE 41-11(2012)</SimpleData>
                        <SimpleData name="ATY_ID">7</SimpleData>
                        <SimpleData name="CreatedBy">tim</SimpleData>
                        <SimpleData name="CreatedOn">2016-11-29T07:00:17Z</SimpleData>
                        <SimpleData name="ModifiedBy">tim</SimpleData>
                        <SimpleData name="ModifiedOn">2016-11-29T07:00:17Z</SimpleData>
                        <SimpleData name="GAR_Size">15631.25</SimpleData>
                    </SchemaData>
                </ExtendedData>
                <Polygon>
                    <outerBoundaryIs>
                        <LinearRing>
                            <tessellate>1</tessellate>
                            <coordinates>119.99999999999999,-65.999999995125 120.00000000000001,-64.49999999588142 119.33333329999999,-64.49999999588142 118.66666670000001,-64.49999999588142 118.00000000000001,-64.49999999588142 118.00000000000003,-65.999999995125 118.66666670000004,-65.999999995125 119.33333330000004,-65.999999995125 119.99999999999999,-65.999999995125</coordinates>
                        </LinearRing>
                    </outerBoundaryIs>
                </Polygon>
            </Placemark>
            <Placemark id="research_blocks.92763">
                <ExtendedData>
                    <SchemaData schemaUrl="#research_blocks_1">
                        <SimpleData name="GAR_ID">92763</SimpleData>
                        <SimpleData name="GAR_Name">Research Block 58.4.1_5</SimpleData>
                        <SimpleData name="GAR_Short_Label">5841_5</SimpleData>
                        <SimpleData name="GAR_Long_Label">58.4.1_5</SimpleData>
                        <SimpleData name="GAR_Start_Date">2012-11-30Z</SimpleData>
                        <SimpleData name="GAR_Description">CONSERVATION MEASURE 41-11(2012)</SimpleData>
                        <SimpleData name="GAR_Reference">CONSERVATION MEASURE 41-11(2012)</SimpleData>
                        <SimpleData name="ATY_ID">7</SimpleData>
                        <SimpleData name="CreatedBy">tim</SimpleData>
                        <SimpleData name="CreatedOn">2016-11-29T07:00:17Z</SimpleData>
                        <SimpleData name="ModifiedBy">tim</SimpleData>
                        <SimpleData name="ModifiedOn">2016-11-29T07:00:17Z</SimpleData>
                        <SimpleData name="GAR_Size">28460.75</SimpleData>
                    </SchemaData>
                </ExtendedData>
                <Polygon>
                    <outerBoundaryIs>
                        <LinearRing>
                            <tessellate>1</tessellate>
                            <coordinates>140.0,-66.4999999948902 140.0,-64.49999999588142 139.25,-64.49999999588142 138.50000000000003,-64.49999999588142 137.75,-64.49999999588142 137.0,-64.49999999588142 137.0,-65.999999995125 137.99999999999997,-65.999999995125 137.99999999999997,-66.4999999948902 138.6666667,-66.4999999948902 139.3333333,-66.4999999948902 140.0,-66.4999999948902</coordinates>
                        </LinearRing>
                    </outerBoundaryIs>
                </Polygon>
            </Placemark>
            <Placemark id="research_blocks.92764">
                <ExtendedData>
                    <SchemaData schemaUrl="#research_blocks_1">
                        <SimpleData name="GAR_ID">92764</SimpleData>
                        <SimpleData name="GAR_Name">Research Block 58.4.1_6</SimpleData>
                        <SimpleData name="GAR_Short_Label">5841_6</SimpleData>
                        <SimpleData name="GAR_Long_Label">58.4.1_6</SimpleData>
                        <SimpleData name="GAR_Start_Date">2016-11-30Z</SimpleData>
                        <SimpleData name="GAR_Description">CONSERVATION MEASURE 41-11(2016)</SimpleData>
                        <SimpleData name="GAR_Reference">CONSERVATION MEASURE 41-11(2016)</SimpleData>
                        <SimpleData name="ATY_ID">7</SimpleData>
                        <SimpleData name="CreatedBy">tim</SimpleData>
                        <SimpleData name="CreatedOn">2016-11-29T07:00:17Z</SimpleData>
                        <SimpleData name="ModifiedBy">tim</SimpleData>
                        <SimpleData name="ModifiedOn">2016-11-29T07:00:17Z</SimpleData>
                        <SimpleData name="GAR_Size">31849.90</SimpleData>
                    </SchemaData>
                </ExtendedData>
                <Polygon>
                    <outerBoundaryIs>
                        <LinearRing>
                            <tessellate>1</tessellate>
                            <coordinates>134.00000000000003,-65.49999999536907 134.00000000000003,-63.99999999614817 133.2,-63.99999999614817 132.4,-63.99999999614817 131.6,-63.99999999614817 130.8,-63.99999999614817 130.0,-63.99999999614817 130.0,-65.49999999536907 130.8,-65.49999999536907 131.6,-65.49999999536907 132.4,-65.49999999536907 133.2,-65.49999999536907 134.00000000000003,-65.49999999536907</coordinates>
                        </LinearRing>
                    </outerBoundaryIs>
                </Polygon>
            </Placemark>
            <Placemark id="research_blocks.92765">
                <ExtendedData>
                    <SchemaData schemaUrl="#research_blocks_1">
                        <SimpleData name="GAR_ID">92765</SimpleData>
                        <SimpleData name="GAR_Name">Research Block 58.4.2_1</SimpleData>
                        <SimpleData name="GAR_Short_Label">5842_1</SimpleData>
                        <SimpleData name="GAR_Long_Label">58.4.2_1</SimpleData>
                        <SimpleData name="GAR_Start_Date">2012-11-30Z</SimpleData>
                        <SimpleData name="GAR_Description">CONSERVATION MEASURE 41-05(2012)</SimpleData>
                        <SimpleData name="GAR_Reference">CONSERVATION MEASURE 41-05(2012)</SimpleData>
                        <SimpleData name="ATY_ID">7</SimpleData>
                        <SimpleData name="CreatedBy">tim</SimpleData>
                        <SimpleData name="CreatedOn">2016-11-29T07:00:17Z</SimpleData>
                        <SimpleData name="ModifiedBy">tim</SimpleData>
                        <SimpleData name="ModifiedOn">2016-11-29T07:00:17Z</SimpleData>
                        <SimpleData name="GAR_Size">44225.87</SimpleData>
                    </SchemaData>
                </ExtendedData>
                <Polygon>
                    <outerBoundaryIs>
                        <LinearRing>
                            <tessellate>1</tessellate>
                            <coordinates>76.0,-67.49999999445178 76.0,-65.999999995125 75.14285710000001,-65.999999995125 74.2857143,-65.999999995125 73.42857140000001,-65.999999995125 72.57142859999999,-65.999999995125 71.7142857,-65.999999995125 70.8571429,-65.999999995125 70.0,-65.999999995125 70.0,-67.49999999445178 70.8571429,-67.49999999445178 71.7142857,-67.49999999445178 72.57142859999999,-67.49999999445178 73.42857140000001,-67.49999999445178 74.2857143,-67.49999999445178 75.14285710000001,-67.49999999445178 76.0,-67.49999999445178</coordinates>
                        </LinearRing>
                    </outerBoundaryIs>
                </Polygon>
            </Placemark>
            <Placemark id="research_blocks.92766">
                <ExtendedData>
                    <SchemaData schemaUrl="#research_blocks_1">
                        <SimpleData name="GAR_ID">92766</SimpleData>
                        <SimpleData name="GAR_Name">Research Block 58.4.3a_1</SimpleData>
                        <SimpleData name="GAR_Short_Label">5843a_1</SimpleData>
                        <SimpleData name="GAR_Long_Label">58.4.3a_1</SimpleData>
                        <SimpleData name="GAR_Start_Date">2012-11-30Z</SimpleData>
                        <SimpleData name="GAR_Description">CONSERVATION MEASURE 41-05(2012)</SimpleData>
                        <SimpleData name="GAR_Reference">CONSERVATION MEASURE 41-05(2012)</SimpleData>
                        <SimpleData name="ATY_ID">7</SimpleData>
                        <SimpleData name="CreatedBy">tim</SimpleData>
                        <SimpleData name="CreatedOn">2016-11-29T07:00:17Z</SimpleData>
                        <SimpleData name="ModifiedBy">tim</SimpleData>
                        <SimpleData name="ModifiedOn">2016-11-29T07:00:17Z</SimpleData>
                        <SimpleData name="GAR_Size">81735.36</SimpleData>
                    </SchemaData>
                </ExtendedData>
                <Polygon>
                    <outerBoundaryIs>
                        <LinearRing>
                            <tessellate>1</tessellate>
                            <coordinates>73.0,-57.49999999975905 73.0,-56.000000000486985 72.0,-56.00000000048697 71.0,-56.000000000486985 70.0,-56.000000000486985 68.99999999999999,-56.00000000048697 68.00000000000003,-56.00000000048697 67.00000000000001,-56.00000000048697 66.0,-56.000000000486985 65.0,-56.000000000486985 65.0,-57.49999999975905 65.8888889,-57.49999999975905 66.7777778,-57.49999999975905 67.6666667,-57.49999999975905 68.5555556,-57.49999999975905 69.4444444,-57.49999999975905 70.3333333,-57.49999999975905 71.2222222,-57.49999999975905 72.1111111,-57.49999999975905 73.0,-57.49999999975905</coordinates>
                        </LinearRing>
                    </outerBoundaryIs>
                </Polygon>
            </Placemark>
            <Placemark id="research_blocks.92772">
                <ExtendedData>
                    <SchemaData schemaUrl="#research_blocks_1">
                        <SimpleData name="GAR_ID">92772</SimpleData>
                        <SimpleData name="GAR_Name">Research Block 88.3_2</SimpleData>
                        <SimpleData name="GAR_Short_Label">883_2</SimpleData>
                        <SimpleData name="GAR_Long_Label">88.3_2</SimpleData>
                        <SimpleData name="GAR_Start_Date">2015-11-30Z</SimpleData>
                        <SimpleData name="GAR_Description"> WG-FSA-15 report Figure 2&#xD;
</SimpleData>
                        <SimpleData name="GAR_Reference"> WG-FSA-15 report Figure 2&#xD;
</SimpleData>
                        <SimpleData name="ATY_ID">7</SimpleData>
                        <SimpleData name="CreatedBy">tim</SimpleData>
                        <SimpleData name="CreatedOn">2016-11-29T07:00:17Z</SimpleData>
                        <SimpleData name="ModifiedBy">tim</SimpleData>
                        <SimpleData name="ModifiedOn">2016-11-29T07:00:17Z</SimpleData>
                        <SimpleData name="GAR_Size">20765.09</SimpleData>
                    </SchemaData>
                </ExtendedData>
                <Polygon>
                    <outerBoundaryIs>
                        <LinearRing>
                            <tessellate>1</tessellate>
                            <coordinates>-103.00000000000001,-73.99999999294509 -103.00000000000001,-72.49999999305656 -103.66666670000001,-72.49999999305656 -104.3333333,-72.49999999305656 -105.0,-72.49999999305656 -105.0,-73.4799999929662 -105.00000000000003,-74.99999999295672 -104.25,-74.99999999295672 -103.50000000000001,-74.99999999295672 -102.75,-74.99999999295672 -102.0,-74.99999999295672 -102.0,-73.99999999294509 -103.00000000000001,-73.99999999294509</coordinates>
                        </LinearRing>
                    </outerBoundaryIs>
                </Polygon>
            </Placemark>
            <Placemark id="research_blocks.92773">
                <ExtendedData>
                    <SchemaData schemaUrl="#research_blocks_1">
                        <SimpleData name="GAR_ID">92773</SimpleData>
                        <SimpleData name="GAR_Name">Research Block 88.3_3</SimpleData>
                        <SimpleData name="GAR_Short_Label">883_3</SimpleData>
                        <SimpleData name="GAR_Long_Label">88.3_3</SimpleData>
                        <SimpleData name="GAR_Start_Date">2015-11-30Z</SimpleData>
                        <SimpleData name="GAR_Description">WG-FSA-15 report Figure 2</SimpleData>
                        <SimpleData name="GAR_Reference">WG-FSA-15 report Figure 2</SimpleData>
                        <SimpleData name="ATY_ID">7</SimpleData>
                        <SimpleData name="CreatedBy">tim</SimpleData>
                        <SimpleData name="CreatedOn">2016-11-29T07:00:17Z</SimpleData>
                        <SimpleData name="ModifiedBy">tim</SimpleData>
                        <SimpleData name="ModifiedOn">2016-11-29T07:00:17Z</SimpleData>
                        <SimpleData name="GAR_Size">40544.63</SimpleData>
                    </SchemaData>
                </ExtendedData>
                <Polygon>
                    <outerBoundaryIs>
                        <LinearRing>
                            <tessellate>1</tessellate>
                            <coordinates>-85.0,-70.49999999343689 -85.0,-68.99999999388302 -85.83333330000002,-68.99999999388302 -86.6666667,-68.99999999388302 -87.50000000000001,-68.99999999388302 -88.3333333,-68.99999999388305 -89.16666670000001,-68.99999999388302 -90.0,-68.99999999388302 -90.0,-70.99999999331776 -89.2,-70.99999999331776 -88.4,-70.99999999331776 -87.6,-70.99999999331776 -86.8,-70.99999999331776 -86.00000000000001,-70.99999999331776 -86.00000000000001,-70.49999999343689 -85.0,-70.49999999343689</coordinates>
                        </LinearRing>
                    </outerBoundaryIs>
                </Polygon>
            </Placemark>
            <Placemark id="research_blocks.92774">
                <ExtendedData>
                    <SchemaData schemaUrl="#research_blocks_1">
                        <SimpleData name="GAR_ID">92774</SimpleData>
                        <SimpleData name="GAR_Name">Research Block 88.3_4</SimpleData>
                        <SimpleData name="GAR_Short_Label">883_4</SimpleData>
                        <SimpleData name="GAR_Long_Label">88.3_4</SimpleData>
                        <SimpleData name="GAR_Start_Date">2015-11-30Z</SimpleData>
                        <SimpleData name="GAR_Description">WG-FSA-15 report Figure 2</SimpleData>
                        <SimpleData name="GAR_Reference">WG-FSA-15 report Figure 2</SimpleData>
                        <SimpleData name="ATY_ID">7</SimpleData>
                        <SimpleData name="CreatedBy">tim</SimpleData>
                        <SimpleData name="CreatedOn">2016-11-29T07:00:17Z</SimpleData>
                        <SimpleData name="ModifiedBy">tim</SimpleData>
                        <SimpleData name="ModifiedOn">2016-11-29T07:00:17Z</SimpleData>
                        <SimpleData name="GAR_Size">70443.05</SimpleData>
                    </SchemaData>
                </ExtendedData>
                <Polygon>
                    <outerBoundaryIs>
                        <LinearRing>
                            <tessellate>1</tessellate>
                            <coordinates>-76.0,-69.49999999371991 -76.0,-67.99999999424962 -76.8,-67.99999999424962 -77.6,-67.99999999424962 -78.4,-67.99999999424962 -79.20000000000002,-67.99999999424962 -80.0,-67.99999999424962 -80.0,-68.49999999405979 -80.75,-68.49999999405976 -81.50000000000001,-68.49999999405976 -82.25,-68.49999999405979 -83.00000000000001,-68.49999999405976 -83.00000000000001,-68.99999999388302 -83.66666669999998,-68.99999999388302 -84.3333333,-68.99999999388302 -85.0,-68.99999999388302 -85.0,-70.49999999343689 -84.1428571,-70.49999999343689 -83.28571430000001,-70.49999999343689 -82.42857140000001,-70.49999999343689 -81.57142859999999,-70.49999999343689 -80.71428570000002,-70.49999999343689 -79.8571429,-70.49999999343689 -79.0,-70.49999999343689 -79.0,-69.49999999371991 -78.25,-69.49999999371991 -77.5,-69.49999999371991 -76.75,-69.49999999371991 -76.0,-69.49999999371991</coordinates>
                        </LinearRing>
                    </outerBoundaryIs>
                </Polygon>
            </Placemark>
            <Placemark id="research_blocks.94744">
                <ExtendedData>
                    <SchemaData schemaUrl="#research_blocks_1">
                        <SimpleData name="GAR_ID">94744</SimpleData>
                        <SimpleData name="GAR_Name">Research Block 48.2_N</SimpleData>
                        <SimpleData name="GAR_Short_Label">482_N</SimpleData>
                        <SimpleData name="GAR_Long_Label">48.2 N</SimpleData>
                        <SimpleData name="GAR_Start_Date">2015-09-18Z</SimpleData>
                        <SimpleData name="GAR_Description">The waters bounded by a line running from a point at 57&amp;deg;40'S latitude and 37&amp;deg;00'W longitude; thence east-southeast to 58&amp;deg;10'S latitude and 34&amp;deg;00'W longitude; thence due south to 60&amp;deg;10'S latitude and 34&amp;deg;00'W longitude; thence southwest to 60&amp;deg;30'S latitude and 35&amp;deg;00'W longitude; thence south-southwest to 61&amp;deg;00'S latitude and 35&amp;deg;20'W longitude; thence north-northwest to 60&amp;deg;50'S latitude and 35&amp;deg;30'W longitude; thence southwest to 61&amp;deg;40'S latitude and 37&amp;deg;40'W longitude; thence north-northwest to 60&amp;deg;50'S latitude and 38&amp;deg;30'W longitude; thence north-northeast to the point of departure.</SimpleData>
                        <SimpleData name="GAR_Reference">WG-FSA-16/50</SimpleData>
                        <SimpleData name="GAR_Parent_ID">74756</SimpleData>
                        <SimpleData name="ATY_ID">7</SimpleData>
                        <SimpleData name="CreatedBy">Sascha</SimpleData>
                        <SimpleData name="CreatedOn">2017-05-18T12:18:49Z</SimpleData>
                        <SimpleData name="ModifiedBy">Sascha</SimpleData>
                        <SimpleData name="ModifiedOn">2017-05-18T12:18:49Z</SimpleData>
                        <SimpleData name="GAR_Size">74061.50</SimpleData>
                    </SchemaData>
                </ExtendedData>
                <Polygon>
                    <outerBoundaryIs>
                        <LinearRing>
                            <tessellate>1</tessellate>
                            <coordinates>-38.49999999999999,-60.833333331421045 -37.6666666666667,-61.666666664276406 -35.5,-60.833333331421045 -35.3333333333333,-60.99999999799218 -35.0,-60.49999999827861 -34.000000000000014,-60.16666666513536 -34.0,-58.16666666624341 -37.0,-57.66666666650656 -38.49999999999999,-60.833333331421045</coordinates>
                        </LinearRing>
                    </outerBoundaryIs>
                </Polygon>
            </Placemark>
            <Placemark id="research_blocks.94778">
                <ExtendedData>
                    <SchemaData schemaUrl="#research_blocks_1">
                        <SimpleData name="GAR_ID">94778</SimpleData>
                        <SimpleData name="GAR_Name">Research Block 48.2_S</SimpleData>
                        <SimpleData name="GAR_Short_Label">482_S</SimpleData>
                        <SimpleData name="GAR_Long_Label">48.2 S</SimpleData>
                        <SimpleData name="GAR_Start_Date">2015-09-18Z</SimpleData>
                        <SimpleData name="GAR_Description">The waters bounded by a line running from a point at 61&amp;deg;10'S latitude and 39&amp;deg;25'W longitude; thence east-southeast to 61&amp;deg;40'S latitude and 37&amp;deg;40'W longitude; thence northeast to 60&amp;deg;50'S latitude and 35&amp;deg;30'W longitude; thence south-southeast to 61&amp;deg;00'S latitude and 35&amp;deg;20'W longitude; thence north-northeast to 60&amp;deg;30'S latitude and 35&amp;deg;00'W longitude; thence east-northeast to 60&amp;deg;10'S latitude and 34&amp;deg;00'W longitude; thence due south to 62&amp;deg;30'S latitude and 34&amp;deg;00'W longitude; thence west-southwest to 62&amp;deg;30'S latitude and 39&amp;deg;25'W longitude; thence due north to the point of departure.</SimpleData>
                        <SimpleData name="GAR_Reference">WG-FSA-16/50</SimpleData>
                        <SimpleData name="GAR_Parent_ID">74756</SimpleData>
                        <SimpleData name="ATY_ID">7</SimpleData>
                        <SimpleData name="CreatedBy">Sascha</SimpleData>
                        <SimpleData name="CreatedOn">2017-05-18T12:18:49Z</SimpleData>
                        <SimpleData name="ModifiedBy">Sascha</SimpleData>
                        <SimpleData name="ModifiedOn">2017-05-18T12:18:49Z</SimpleData>
                        <SimpleData name="GAR_Size">45378.56</SimpleData>
                    </SchemaData>
                </ExtendedData>
                <Polygon>
                    <outerBoundaryIs>
                        <LinearRing>
                            <tessellate>1</tessellate>
                            <coordinates>-39.416666666666686,-62.49999999713404 -34.0,-62.49999999713404 -34.000000000000014,-60.16666666513536 -35.0,-60.49999999827861 -35.3333333333333,-60.99999999799218 -35.5,-60.833333331421045 -37.6666666666667,-61.666666664276406 -39.41666666666671,-61.16666666456327 -39.416666666666686,-62.49999999713404</coordinates>
                        </LinearRing>
                    </outerBoundaryIs>
                </Polygon>
            </Placemark>
            <Placemark id="research_blocks.92775">
                <ExtendedData>
                    <SchemaData schemaUrl="#research_blocks_1">
                        <SimpleData name="GAR_ID">92775</SimpleData>
                        <SimpleData name="GAR_Name">Research Block 88.3_5</SimpleData>
                        <SimpleData name="GAR_Short_Label">883_5</SimpleData>
                        <SimpleData name="GAR_Long_Label">88.3_5</SimpleData>
                        <SimpleData name="GAR_Start_Date">2015-11-30Z</SimpleData>
                        <SimpleData name="GAR_End_Date">2024-11-29Z</SimpleData>
                        <SimpleData name="GAR_Description">WG-FSA-15 report Figure 2, SC-43 para 3.103</SimpleData>
                        <SimpleData name="GAR_Reference">WG-FSA-15 report Figure 2, SC-43 para 3.103</SimpleData>
                        <SimpleData name="ATY_ID">7</SimpleData>
                        <SimpleData name="CreatedBy">tim</SimpleData>
                        <SimpleData name="CreatedOn">2016-11-29T07:00:17Z</SimpleData>
                        <SimpleData name="ModifiedBy">gary</SimpleData>
                        <SimpleData name="ModifiedOn">2024-12-11T00:36:30Z</SimpleData>
                        <SimpleData name="GAR_Size">26873.57</SimpleData>
                    </SchemaData>
                </ExtendedData>
                <Polygon>
                    <outerBoundaryIs>
                        <LinearRing>
                            <tessellate>1</tessellate>
                            <coordinates>-70.0,-66.9999999946656 -70.0,-65.49999999536907 -71.0,-65.49999999536907 -70.99999999999999,-65.999999995125 -72.0,-65.999999995125 -72.0,-66.4999999948902 -73.0,-66.4999999948902 -73.0,-66.9999999946656 -74.0,-66.9999999946656 -74.0,-67.99999999424962 -73.33333330000002,-67.99999999424962 -72.6666667,-67.99999999424965 -72.0,-67.99999999424965 -72.0,-67.49999999445178 -71.0,-67.49999999445178 -71.0,-66.9999999946656 -70.0,-66.9999999946656</coordinates>
                        </LinearRing>
                    </outerBoundaryIs>
                </Polygon>
            </Placemark>
            <Placemark id="research_blocks.92769">
                <ExtendedData>
                    <SchemaData schemaUrl="#research_blocks_1">
                        <SimpleData name="GAR_ID">92769</SimpleData>
                        <SimpleData name="GAR_Name">Research Block 88.2_3</SimpleData>
                        <SimpleData name="GAR_Short_Label">882_3</SimpleData>
                        <SimpleData name="GAR_Long_Label">88.2_3</SimpleData>
                        <SimpleData name="GAR_Start_Date">2014-11-30Z</SimpleData>
                        <SimpleData name="GAR_Description">CONSERVATION MEASURE 41-10(2014)</SimpleData>
                        <SimpleData name="GAR_Reference">CONSERVATION MEASURE 41-10(2014)</SimpleData>
                        <SimpleData name="ATY_ID">7</SimpleData>
                        <SimpleData name="CreatedBy">tim</SimpleData>
                        <SimpleData name="CreatedOn">2016-11-29T07:00:17Z</SimpleData>
                        <SimpleData name="ModifiedBy">gary</SimpleData>
                        <SimpleData name="ModifiedOn">2026-01-29T01:23:28Z</SimpleData>
                        <SimpleData name="GAR_Size">25186.84</SimpleData>
                    </SchemaData>
                </ExtendedData>
                <Polygon>
                    <outerBoundaryIs>
                        <LinearRing>
                            <tessellate>1</tessellate>
                            <coordinates>-122.0,-72.19999999321254 -114.99999999999999,-70.83333332681157 -114.99999999999999,-71.69999999329588 -122.0,-73.19999999309545 -122.0,-72.19999999321254</coordinates>
                        </LinearRing>
                    </outerBoundaryIs>
                </Polygon>
            </Placemark>
            <Placemark id="research_blocks.107386">
                <ExtendedData>
                    <SchemaData schemaUrl="#research_blocks_1">
                        <SimpleData name="GAR_ID">107386</SimpleData>
                        <SimpleData name="GAR_Name">Research Block 88.3_6</SimpleData>
                        <SimpleData name="GAR_Short_Label">883_6</SimpleData>
                        <SimpleData name="GAR_Long_Label">88.3_6</SimpleData>
                        <SimpleData name="GAR_Start_Date">2019-11-30Z</SimpleData>
                        <SimpleData name="GAR_Description">WG-SAM-2019/02</SimpleData>
                        <SimpleData name="GAR_Reference">WG-SAM-2019/02</SimpleData>
                        <SimpleData name="ATY_ID">7</SimpleData>
                        <SimpleData name="CreatedBy">gary</SimpleData>
                        <SimpleData name="CreatedOn">2020-04-24T05:43:58Z</SimpleData>
                        <SimpleData name="ModifiedBy">gary</SimpleData>
                        <SimpleData name="ModifiedOn">2020-04-24T05:43:58Z</SimpleData>
                        <SimpleData name="GAR_Size">18710.48</SimpleData>
                    </SchemaData>
                </ExtendedData>
                <Polygon>
                    <outerBoundaryIs>
                        <LinearRing>
                            <tessellate>1</tessellate>
                            <coordinates>-90.0,-71.99999999324379 -90.0,-72.99999999311345 -85.0,-72.99999999311345 -85.0,-71.99999999324379 -90.0,-71.99999999324379</coordinates>
                        </LinearRing>
                    </outerBoundaryIs>
                </Polygon>
            </Placemark>
            <Placemark id="research_blocks.94793">
                <ExtendedData>
                    <SchemaData schemaUrl="#research_blocks_1">
                        <SimpleData name="GAR_ID">94793</SimpleData>
                        <SimpleData name="GAR_Name">Research Block 58.4.4b_1</SimpleData>
                        <SimpleData name="GAR_Short_Label">5844b_1</SimpleData>
                        <SimpleData name="GAR_Long_Label">58.4.4b_1</SimpleData>
                        <SimpleData name="GAR_Start_Date">2015-09-17Z</SimpleData>
                        <SimpleData name="GAR_Description">The waters bounded by a line running from a point at 52&amp;deg;46.25'S latitude and 48&amp;deg;2.5'E longitude to 52&amp;deg;53.75'S,48&amp;deg;2.5'E to 52&amp;deg;53.75'S,47&amp;deg;47.5'E to 53&amp;deg;53.75'S,47&amp;deg;47.5'E to 53&amp;deg;53.75'S,48&amp;deg;17.5'E to 53&amp;deg;46.25'S,48&amp;deg;17.5'E to 53&amp;deg;46.25'S,48&amp;deg;32.5'E to 53&amp;deg;38.75'S,48&amp;deg;32.5'E to 53&amp;deg;38.75'S,49&amp;deg;17.5'E to 53&amp;deg;23.75'S,49&amp;deg;17.5'E to 53&amp;deg;23.75'S,48&amp;deg;17.5'E to 53&amp;deg;8.75'S,48&amp;deg;17.5'E to 53&amp;deg;8.75'S,48&amp;deg;47.5'E to 52&amp;deg;53.75'S,48&amp;deg;47.5'E to 52&amp;deg;53.75'S,48&amp;deg;32.5'E to 52&amp;deg;46.25'S,48&amp;deg;32.5'E to; thence due west to the point of departure.</SimpleData>
                        <SimpleData name="GAR_Reference">WG-FSA-15/20</SimpleData>
                        <SimpleData name="GAR_Parent_ID">84541</SimpleData>
                        <SimpleData name="ATY_ID">7</SimpleData>
                        <SimpleData name="CreatedBy">Sascha</SimpleData>
                        <SimpleData name="CreatedOn">2017-05-22T05:12:54Z</SimpleData>
                        <SimpleData name="ModifiedBy">Tim</SimpleData>
                        <SimpleData name="ModifiedOn">2018-09-09T14:00:00Z</SimpleData>
                        <SimpleData name="GAR_Size">7182.51</SimpleData>
                    </SchemaData>
                </ExtendedData>
                <Polygon>
                    <outerBoundaryIs>
                        <LinearRing>
                            <tessellate>1</tessellate>
                            <coordinates>48.041666670000005,-52.77083333185337 48.041666670000005,-52.89583333181879 47.79166666999999,-52.89583333181879 47.79166666999999,-53.89583333150477 48.291666670000005,-53.89583333150476 48.29166666999999,-53.770833331547486 48.54166667000001,-53.770833331547486 48.54166666999999,-53.645833331589216 49.29166666999999,-53.645833331589216 49.29166666999999,-53.3958333316698 48.291666670000005,-53.3958333316698 48.291666670000005,-53.145833331746296 48.79166667,-53.145833331746296 48.79166667,-52.89583333181879 48.54166667,-52.89583333181879 48.54166666999999,-52.77083333185337 48.041666670000005,-52.77083333185337</coordinates>
                        </LinearRing>
                    </outerBoundaryIs>
                </Polygon>
            </Placemark>
            <Placemark id="research_blocks.94794">
                <ExtendedData>
                    <SchemaData schemaUrl="#research_blocks_1">
                        <SimpleData name="GAR_ID">94794</SimpleData>
                        <SimpleData name="GAR_Name">Research Block 58.4.4b_2</SimpleData>
                        <SimpleData name="GAR_Short_Label">5844b_2</SimpleData>
                        <SimpleData name="GAR_Long_Label">58.4.4b_2</SimpleData>
                        <SimpleData name="GAR_Start_Date">2015-09-17Z</SimpleData>
                        <SimpleData name="GAR_Description">The waters bounded by a line running from a point at 54&amp;deg;21.25'S latitude and 49&amp;deg;22.5'E longitude to 54&amp;deg;36.25'S,49&amp;deg;22.5'E to 54&amp;deg;36.25'S,51&amp;deg;37.5'E to 54&amp;deg;28.75'S,51&amp;deg;37.5'E to 54&amp;deg;28.75'S,51&amp;deg;52.5'E to 54&amp;deg;13.75'S,51&amp;deg;52.5'E to 54&amp;deg;13.75'S,52&amp;deg;7.5'E to 53&amp;deg;58.75'S,52&amp;deg;7.5'E to 53&amp;deg;58.75'S,51&amp;deg;7.5'E to 54&amp;deg;6.25'S,51&amp;deg;7.5'E to 54&amp;deg;6.25'S,50&amp;deg;52.5'E to 54&amp;deg;13.75'S,50&amp;deg;52.5'E to 54&amp;deg;13.75'S,50&amp;deg;37.5'E to 54&amp;deg;21.25'S,50&amp;deg;37.5'E; thence due west to the point of departure.</SimpleData>
                        <SimpleData name="GAR_Reference">WG-FSA-15/20</SimpleData>
                        <SimpleData name="GAR_Parent_ID">84541</SimpleData>
                        <SimpleData name="ATY_ID">7</SimpleData>
                        <SimpleData name="CreatedBy">Sascha</SimpleData>
                        <SimpleData name="CreatedOn">2017-05-22T05:12:55Z</SimpleData>
                        <SimpleData name="ModifiedBy">Tim</SimpleData>
                        <SimpleData name="ModifiedOn">2018-09-09T14:00:00Z</SimpleData>
                        <SimpleData name="GAR_Size">7460.64</SimpleData>
                    </SchemaData>
                </ExtendedData>
                <Polygon>
                    <outerBoundaryIs>
                        <LinearRing>
                            <tessellate>1</tessellate>
                            <coordinates>49.37500000000001,-54.35416667134023 49.375,-54.60416667124537 51.62500000000001,-54.604166671245366 51.625,-54.47916667129325 51.87499999999999,-54.47916667129325 51.87499999999999,-54.22916667138639 52.125,-54.22916667138639 52.125,-53.979166671475845 51.125,-53.97916667147584 51.125,-54.10416667143151 50.87500000000001,-54.10416667143151 50.87499999999999,-54.22916667138639 50.62499999999999,-54.22916667138639 50.62499999999999,-54.35416667134023 49.37500000000001,-54.35416667134023</coordinates>
                        </LinearRing>
                    </outerBoundaryIs>
                </Polygon>
            </Placemark>
            <Placemark id="research_blocks.107387">
                <ExtendedData>
                    <SchemaData schemaUrl="#research_blocks_1">
                        <SimpleData name="GAR_ID">107387</SimpleData>
                        <SimpleData name="GAR_Name">Research Block 88.3_7</SimpleData>
                        <SimpleData name="GAR_Short_Label">883_7</SimpleData>
                        <SimpleData name="GAR_Long_Label">88.3_7</SimpleData>
                        <SimpleData name="GAR_Start_Date">2019-11-30Z</SimpleData>
                        <SimpleData name="GAR_End_Date">2024-11-29Z</SimpleData>
                        <SimpleData name="GAR_Description">WG-SAM-2019/02, SC-43 para 3.103</SimpleData>
                        <SimpleData name="GAR_Reference">WG-SAM-2019/02, SC-43 para 3.103</SimpleData>
                        <SimpleData name="ATY_ID">7</SimpleData>
                        <SimpleData name="CreatedBy">gary</SimpleData>
                        <SimpleData name="CreatedOn">2020-04-24T05:58:39Z</SimpleData>
                        <SimpleData name="ModifiedBy">gary</SimpleData>
                        <SimpleData name="ModifiedOn">2024-12-11T00:36:38Z</SimpleData>
                        <SimpleData name="GAR_Size">41477.53</SimpleData>
                    </SchemaData>
                </ExtendedData>
                <Polygon>
                    <outerBoundaryIs>
                        <LinearRing>
                            <tessellate>1</tessellate>
                            <coordinates>-75.00000000000001,-72.99999999311345 -75.00000000000001,-69.99999999369757 -78.5,-69.99999999369757 -78.5,-72.99999999311345 -75.00000000000001,-72.99999999311345</coordinates>
                        </LinearRing>
                    </outerBoundaryIs>
                </Polygon>
            </Placemark>
            <Placemark id="research_blocks.103876">
                <ExtendedData>
                    <SchemaData schemaUrl="#research_blocks_1">
                        <SimpleData name="GAR_ID">103876</SimpleData>
                        <SimpleData name="GAR_Name">Research Block 48.1_2</SimpleData>
                        <SimpleData name="GAR_Short_Label">481_2</SimpleData>
                        <SimpleData name="GAR_Long_Label">48.1_2</SimpleData>
                        <SimpleData name="GAR_Start_Date">2018-11-30Z</SimpleData>
                        <SimpleData name="GAR_Description">WG-FSA-18/20 Rev. 1, Table 1</SimpleData>
                        <SimpleData name="GAR_Reference">WG-FSA-18/20 Rev. 1, Table 1</SimpleData>
                        <SimpleData name="ATY_ID">7</SimpleData>
                        <SimpleData name="CreatedBy">gary</SimpleData>
                        <SimpleData name="CreatedOn">2020-06-03T23:50:29Z</SimpleData>
                        <SimpleData name="ModifiedBy">gary</SimpleData>
                        <SimpleData name="ModifiedOn">2023-01-30T12:18:40Z</SimpleData>
                        <SimpleData name="GAR_Size">37224.72</SimpleData>
                    </SchemaData>
                </ExtendedData>
                <Polygon>
                    <outerBoundaryIs>
                        <LinearRing>
                            <tessellate>1</tessellate>
                            <coordinates>-55.0,-62.66666666370627 -55.0,-63.99999999629935 -54.900000000000006,-63.99999999629935 -54.800000000000004,-63.99999999629935 -54.699999999999996,-63.99999999629935 -54.6,-63.99999999629935 -54.50000000000001,-63.99999999629935 -54.4,-63.99999999629935 -54.300000000000004,-63.99999999629935 -54.199999999999996,-63.99999999629935 -54.099999999999994,-63.99999999629935 -54.0,-63.99999999629935 -53.9,-63.99999999629935 -53.8,-63.99999999629935 -53.70000000000001,-63.99999999629935 -53.599999999999994,-63.99999999629935 -53.5,-63.99999999629935 -53.400000000000006,-63.99999999629935 -53.3,-63.99999999629935 -53.20000000000001,-63.99999999629935 -53.10000000000001,-63.99999999629935 -53.0,-63.99999999629935 -52.9,-63.99999999629935 -52.8,-63.99999999629935 -52.699999999999996,-63.99999999629935 -52.60000000000001,-63.99999999629935 -52.49999999999999,-63.99999999629935 -52.4,-63.99999999629935 -52.300000000000004,-63.99999999629935 -52.2,-63.99999999629935 -52.10000000000001,-63.99999999629935 -52.00000000000001,-63.99999999629935 -51.9,-63.99999999629935 -51.800000000000004,-63.99999999629935 -51.70000000000001,-63.99999999629935 -51.60000000000001,-63.99999999629935 -51.50000000000001,-63.99999999629935 -51.4,-63.99999999629935 -51.3,-63.99999999629935 -51.2,-63.99999999629935 -51.1,-63.99999999629935 -51.0,-63.99999999629935 -50.900000000000006,-63.99999999629935 -50.8,-63.99999999629935 -50.7,-63.99999999629935 -50.60000000000001,-63.99999999629935 -50.5,-63.99999999629935 -50.400000000000006,-63.99999999629934 -50.29999999999999,-63.99999999629935 -50.2,-63.99999999629935 -50.1,-63.99999999629935 -49.99999999999999,-63.99999999629935 -49.99999999999999,-62.66666666370627 -50.1,-62.66666666370627 -50.2,-62.66666666370628 -50.3,-62.66666666370627 -50.400000000000006,-62.66666666370627 -50.5,-62.66666666370627 -50.599999999999994,-62.66666666370627 -50.7,-62.66666666370628 -50.8,-62.66666666370627 -50.89999999999999,-62.66666666370627 -51.0,-62.66666666370627 -51.099999999999994,-62.66666666370627 -51.2,-62.66666666370627 -51.3,-62.66666666370627 -51.4,-62.66666666370627 -51.50000000000001,-62.66666666370627 -51.6,-62.66666666370627 -51.70000000000001,-62.66666666370627 -51.8,-62.66666666370627 -51.9,-62.66666666370627 -52.000000000000014,-62.66666666370627 -52.1,-62.66666666370627 -52.199999999999996,-62.66666666370627 -52.300000000000004,-62.66666666370627 -52.4,-62.66666666370627 -52.5,-62.66666666370627 -52.60000000000001,-62.66666666370627 -52.70000000000001,-62.66666666370627 -52.8,-62.66666666370627 -52.9,-62.66666666370627 -52.999999999999986,-62.66666666370627 -53.10000000000001,-62.66666666370627 -53.200000000000095,-62.66666666370627 -53.3,-62.66666666370627 -53.400000000000006,-62.66666666370627 -53.49999999999999,-62.66666666370627 -53.6000000000001,-62.66666666370627 -53.70000000000011,-62.66666666370627 -53.8,-62.66666666370627 -53.9000000000001,-62.66666666370627 -54.00000000000011,-62.66666666370627 -54.10000000000011,-62.66666666370627 -54.200000000000095,-62.66666666370627 -54.3000000000001,-62.66666666370627 -54.4000000000001,-62.66666666370627 -54.50000000000011,-62.66666666370627 -54.6000000000001,-62.66666666370627 -54.7000000000001,-62.66666666370627 -54.80000000000009,-62.66666666370627 -54.9000000000001,-62.66666666370627 -55.0,-62.66666666370627</coordinates>
                        </LinearRing>
                    </outerBoundaryIs>
                </Polygon>
            </Placemark>
            <Placemark id="research_blocks.107388">
                <ExtendedData>
                    <SchemaData schemaUrl="#research_blocks_1">
                        <SimpleData name="GAR_ID">107388</SimpleData>
                        <SimpleData name="GAR_Name">Research Block 88.3_8</SimpleData>
                        <SimpleData name="GAR_Short_Label">883_8</SimpleData>
                        <SimpleData name="GAR_Long_Label">88.3_8</SimpleData>
                        <SimpleData name="GAR_Start_Date">2019-11-30Z</SimpleData>
                        <SimpleData name="GAR_End_Date">2024-11-29Z</SimpleData>
                        <SimpleData name="GAR_Description">WG-SAM-2019/02, SC-43 para 3.103</SimpleData>
                        <SimpleData name="GAR_Reference">WG-SAM-2019/02, SC-43 para 3.103</SimpleData>
                        <SimpleData name="ATY_ID">7</SimpleData>
                        <SimpleData name="CreatedBy">gary</SimpleData>
                        <SimpleData name="CreatedOn">2020-04-24T05:58:39Z</SimpleData>
                        <SimpleData name="ModifiedBy">gary</SimpleData>
                        <SimpleData name="ModifiedOn">2024-12-11T00:36:38Z</SimpleData>
                        <SimpleData name="GAR_Size">35134.95</SimpleData>
                    </SchemaData>
                </ExtendedData>
                <Polygon>
                    <outerBoundaryIs>
                        <LinearRing>
                            <tessellate>1</tessellate>
                            <coordinates>-94.0,-64.499999996031 -94.0,-65.999999995269 -89.5,-65.999999995269 -89.5,-64.499999996031 -94.0,-64.499999996031</coordinates>
                        </LinearRing>
                    </outerBoundaryIs>
                </Polygon>
            </Placemark>
            <Placemark id="research_blocks.116886">
                <ExtendedData>
                    <SchemaData schemaUrl="#research_blocks_1">
                        <SimpleData name="GAR_ID">116886</SimpleData>
                        <SimpleData name="GAR_Name">Research Block 58.4.2_2</SimpleData>
                        <SimpleData name="GAR_Short_Label">5842_2</SimpleData>
                        <SimpleData name="GAR_Long_Label">58.4.2_2</SimpleData>
                        <SimpleData name="GAR_Start_Date">2021-11-30Z</SimpleData>
                        <SimpleData name="GAR_Description">CONSERVATION MEASURE 41-05(2021)</SimpleData>
                        <SimpleData name="GAR_Reference">CONSERVATION MEASURE 41-05(2021)</SimpleData>
                        <SimpleData name="ATY_ID">7</SimpleData>
                        <SimpleData name="CreatedBy">gary</SimpleData>
                        <SimpleData name="CreatedOn">2021-11-10T04:25:54Z</SimpleData>
                        <SimpleData name="ModifiedBy">gary</SimpleData>
                        <SimpleData name="ModifiedOn">2021-11-10T04:25:54Z</SimpleData>
                        <SimpleData name="GAR_Size">61345.09</SimpleData>
                    </SchemaData>
                </ExtendedData>
                <Polygon>
                    <outerBoundaryIs>
                        <LinearRing>
                            <tessellate>1</tessellate>
                            <coordinates>50.0,-64.99999999576924 50.5,-64.99999999576924 51.0,-64.99999999576924 51.50000000000001,-64.99999999576924 51.99999999999999,-64.99999999576924 52.5,-64.99999999576924 53.0,-64.99999999576924 53.49999999999999,-64.99999999576924 54.0,-64.99999999576924 54.50000000000001,-64.99999999576924 54.99999999999999,-64.99999999576924 55.500000000000014,-64.99999999576924 56.00000000000001,-64.99999999576924 56.50000000000001,-64.99999999576924 57.00000000000001,-64.99999999576924 57.49999999999999,-64.99999999576924 58.0,-64.99999999576926 58.0,-66.49999999503225 57.49999999999999,-66.49999999503225 57.00000000000001,-66.49999999503225 56.50000000000001,-66.49999999503225 56.0,-66.49999999503225 55.5,-66.49999999503225 55.0,-66.49999999503225 54.50000000000001,-66.49999999503225 54.0,-66.49999999503225 53.49999999999999,-66.49999999503225 53.0,-66.49999999503225 52.5,-66.49999999503225 52.000000000000014,-66.49999999503225 51.50000000000001,-66.49999999503225 51.0,-66.49999999503225 50.5,-66.49999999503225 49.99999999999999,-66.49999999503225 50.0,-64.99999999576924</coordinates>
                        </LinearRing>
                    </outerBoundaryIs>
                </Polygon>
            </Placemark>
            <Placemark id="research_blocks.107389">
                <ExtendedData>
                    <SchemaData schemaUrl="#research_blocks_1">
                        <SimpleData name="GAR_ID">107389</SimpleData>
                        <SimpleData name="GAR_Name">Research Block 88.3_9</SimpleData>
                        <SimpleData name="GAR_Short_Label">883_9</SimpleData>
                        <SimpleData name="GAR_Long_Label">88.3_9</SimpleData>
                        <SimpleData name="GAR_Start_Date">2019-11-30Z</SimpleData>
                        <SimpleData name="GAR_End_Date">2024-11-29Z</SimpleData>
                        <SimpleData name="GAR_Description">WG-SAM-2019/02, SC-43 para 3.103</SimpleData>
                        <SimpleData name="GAR_Reference">WG-SAM-2019/02, SC-43 para 3.103</SimpleData>
                        <SimpleData name="ATY_ID">7</SimpleData>
                        <SimpleData name="CreatedBy">gary</SimpleData>
                        <SimpleData name="CreatedOn">2020-04-24T05:58:39Z</SimpleData>
                        <SimpleData name="ModifiedBy">gary</SimpleData>
                        <SimpleData name="ModifiedOn">2024-12-11T00:36:38Z</SimpleData>
                        <SimpleData name="GAR_Size">5454.43</SimpleData>
                    </SchemaData>
                </ExtendedData>
                <Polygon>
                    <outerBoundaryIs>
                        <LinearRing>
                            <tessellate>1</tessellate>
                            <coordinates>-76.0,-63.499999996573315 -76.0,-64.499999996031 -75.00000000000001,-64.499999996031 -75.00000000000001,-63.4999999965733 -76.0,-63.499999996573315</coordinates>
                        </LinearRing>
                    </outerBoundaryIs>
                </Polygon>
            </Placemark>
            <Placemark id="research_blocks.107390">
                <ExtendedData>
                    <SchemaData schemaUrl="#research_blocks_1">
                        <SimpleData name="GAR_ID">107390</SimpleData>
                        <SimpleData name="GAR_Name">Research Block 88.3_10</SimpleData>
                        <SimpleData name="GAR_Short_Label">883_10</SimpleData>
                        <SimpleData name="GAR_Long_Label">88.3_10</SimpleData>
                        <SimpleData name="GAR_Start_Date">2019-11-30Z</SimpleData>
                        <SimpleData name="GAR_End_Date">2024-11-29Z</SimpleData>
                        <SimpleData name="GAR_Description">WG-SAM-2019/02, SC-43 para 3.103</SimpleData>
                        <SimpleData name="GAR_Reference">WG-SAM-2019/02, SC-43 para 3.103</SimpleData>
                        <SimpleData name="ATY_ID">7</SimpleData>
                        <SimpleData name="CreatedBy">gary</SimpleData>
                        <SimpleData name="CreatedOn">2020-04-24T05:58:39Z</SimpleData>
                        <SimpleData name="ModifiedBy">gary</SimpleData>
                        <SimpleData name="ModifiedOn">2024-12-11T00:36:38Z</SimpleData>
                        <SimpleData name="GAR_Size">5454.43</SimpleData>
                    </SchemaData>
                </ExtendedData>
                <Polygon>
                    <outerBoundaryIs>
                        <LinearRing>
                            <tessellate>1</tessellate>
                            <coordinates>-75.00000000000001,-63.4999999965733 -75.00000000000001,-64.499999996031 -74.0,-64.499999996031 -74.0,-63.4999999965733 -75.00000000000001,-63.4999999965733</coordinates>
                        </LinearRing>
                    </outerBoundaryIs>
                </Polygon>
            </Placemark>
            <Placemark id="research_blocks.103875">
                <ExtendedData>
                    <SchemaData schemaUrl="#research_blocks_1">
                        <SimpleData name="GAR_ID">103875</SimpleData>
                        <SimpleData name="GAR_Name">Research Block 48.1_1</SimpleData>
                        <SimpleData name="GAR_Short_Label">481_1</SimpleData>
                        <SimpleData name="GAR_Long_Label">48.1_1</SimpleData>
                        <SimpleData name="GAR_Start_Date">2018-11-30Z</SimpleData>
                        <SimpleData name="GAR_Description">WG-FSA-18/20 Rev. 1, Table 1</SimpleData>
                        <SimpleData name="GAR_Reference">WG-FSA-18/20 Rev. 1, Table 1</SimpleData>
                        <SimpleData name="ATY_ID">7</SimpleData>
                        <SimpleData name="CreatedBy">gary</SimpleData>
                        <SimpleData name="CreatedOn">2020-06-03T23:50:29Z</SimpleData>
                        <SimpleData name="ModifiedBy">gary</SimpleData>
                        <SimpleData name="ModifiedOn">2023-01-30T12:16:32Z</SimpleData>
                        <SimpleData name="GAR_Size">19252.99</SimpleData>
                    </SchemaData>
                </ExtendedData>
                <Polygon>
                    <outerBoundaryIs>
                        <LinearRing>
                            <tessellate>1</tessellate>
                            <coordinates>-55.0,-61.99999999741879 -55.0,-62.66666666370627 -54.9,-62.66666666370627 -54.800000000000004,-62.66666666370627 -54.699999999999996,-62.66666666370627 -54.599999999999994,-62.66666666370627 -54.50000000000001,-62.66666666370627 -54.400000000000006,-62.66666666370627 -54.300000000000004,-62.66666666370627 -54.199999999999996,-62.66666666370627 -54.1,-62.66666666370627 -54.0,-62.66666666370627 -53.9,-62.66666666370627 -53.8,-62.66666666370627 -53.70000000000001,-62.66666666370627 -53.599999999999994,-62.66666666370627 -53.49999999999999,-62.66666666370627 -53.400000000000006,-62.66666666370627 -53.3,-62.66666666370627 -53.2,-62.66666666370627 -53.10000000000001,-62.66666666370627 -52.999999999999986,-62.66666666370627 -52.9,-62.66666666370627 -52.8,-62.66666666370627 -52.70000000000001,-62.66666666370627 -52.60000000000001,-62.66666666370627 -52.5,-62.66666666370627 -52.4,-62.66666666370627 -52.300000000000004,-62.66666666370627 -52.199999999999996,-62.66666666370627 -52.1,-62.66666666370627 -52.000000000000014,-62.66666666370627 -51.9,-62.66666666370627 -51.8,-62.66666666370627 -51.70000000000001,-62.66666666370627 -51.6,-62.66666666370627 -51.50000000000001,-62.66666666370627 -51.4,-62.66666666370627 -51.3,-62.66666666370627 -51.2,-62.66666666370627 -51.099999999999994,-62.66666666370627 -51.0,-62.66666666370627 -50.89999999999999,-62.66666666370627 -50.8,-62.66666666370627 -50.7,-62.66666666370628 -50.599999999999994,-62.66666666370627 -50.5,-62.66666666370627 -50.400000000000006,-62.66666666370627 -50.3,-62.66666666370627 -50.2,-62.66666666370628 -50.1,-62.66666666370627 -49.99999999999999,-62.66666666370627 -49.99999999999999,-61.99999999741879 -50.1,-61.99999999741879 -50.2,-61.99999999741881 -50.29999999999999,-61.99999999741879 -50.400000000000006,-61.99999999741879 -50.5,-61.99999999741879 -50.60000000000001,-61.99999999741879 -50.7,-61.99999999741881 -50.8,-61.99999999741879 -50.900000000000006,-61.99999999741879 -51.0,-61.99999999741879 -51.1,-61.99999999741879 -51.2,-61.99999999741879 -51.3,-61.99999999741879 -51.4,-61.99999999741881 -51.50000000000001,-61.99999999741881 -51.60000000000001,-61.99999999741879 -51.70000000000001,-61.99999999741879 -51.8,-61.99999999741879 -51.9,-61.99999999741879 -52.000000000000014,-61.99999999741879 -52.1,-61.99999999741881 -52.199999999999996,-61.99999999741879 -52.300000000000004,-61.99999999741879 -52.400000000000006,-61.99999999741879 -52.5,-61.99999999741879 -52.60000000000001,-61.99999999741879 -52.70000000000001,-61.99999999741881 -52.8,-61.99999999741879 -52.9,-61.99999999741881 -53.0,-61.99999999741879 -53.10000000000001,-61.99999999741879 -53.2000000000001,-61.99999999741881 -53.3,-61.99999999741881 -53.400000000000006,-61.99999999741879 -53.50000000000001,-61.99999999741879 -53.6000000000001,-61.99999999741879 -53.70000000000011,-61.99999999741879 -53.8,-61.99999999741879 -53.9000000000001,-61.99999999741879 -54.00000000000011,-61.99999999741881 -54.100000000000094,-61.99999999741879 -54.20000000000011,-61.99999999741879 -54.3000000000001,-61.99999999741881 -54.4000000000001,-61.99999999741879 -54.50000000000011,-61.99999999741879 -54.6000000000001,-61.99999999741879 -54.7000000000001,-61.99999999741879 -54.80000000000009,-61.99999999741879 -54.9000000000001,-61.99999999741879 -55.0,-61.99999999741879</coordinates>
                        </LinearRing>
                    </outerBoundaryIs>
                </Polygon>
            </Placemark>
            <Placemark id="research_blocks.109227">
                <ExtendedData>
                    <SchemaData schemaUrl="#research_blocks_1">
                        <SimpleData name="GAR_ID">109227</SimpleData>
                        <SimpleData name="GAR_Name">Research Block 48.1_3</SimpleData>
                        <SimpleData name="GAR_Short_Label">481_3</SimpleData>
                        <SimpleData name="GAR_Long_Label">48.1_3</SimpleData>
                        <SimpleData name="GAR_Start_Date">2018-11-30Z</SimpleData>
                        <SimpleData name="GAR_Description">WG-FSA-18/20 Rev. 1, Table 1</SimpleData>
                        <SimpleData name="GAR_Reference">WG-FSA-18/20 Rev. 1, Table 1</SimpleData>
                        <SimpleData name="ATY_ID">7</SimpleData>
                        <SimpleData name="CreatedBy">gary</SimpleData>
                        <SimpleData name="CreatedOn">2020-06-03T23:50:29Z</SimpleData>
                        <SimpleData name="ModifiedBy">gary</SimpleData>
                        <SimpleData name="ModifiedOn">2023-01-30T12:18:44Z</SimpleData>
                        <SimpleData name="GAR_Size">26786.97</SimpleData>
                    </SchemaData>
                </ExtendedData>
                <Polygon>
                    <outerBoundaryIs>
                        <LinearRing>
                            <tessellate>1</tessellate>
                            <coordinates>-55.0,-63.99999999629935 -54.99999999999999,-64.99999999576924 -54.9,-64.99999999576924 -54.800000000000004,-64.99999999576924 -54.7,-64.99999999576924 -54.6,-64.99999999576924 -54.50000000000001,-64.99999999576924 -54.4,-64.99999999576924 -54.300000000000004,-64.99999999576924 -54.20000000000001,-64.99999999576924 -54.099999999999994,-64.99999999576924 -54.0,-64.99999999576924 -53.9,-64.99999999576924 -53.800000000000004,-64.99999999576924 -53.70000000000001,-64.99999999576924 -53.599999999999994,-64.99999999576924 -53.49999999999999,-64.99999999576924 -53.400000000000006,-64.99999999576924 -53.3,-64.99999999576924 -53.2,-64.99999999576924 -53.10000000000001,-64.99999999576924 -53.0,-64.99999999576924 -52.9,-64.99999999576924 -52.79999999999999,-64.99999999576924 -52.70000000000001,-64.99999999576924 -52.60000000000001,-64.99999999576924 -52.5,-64.99999999576924 -52.4,-64.99999999576924 -52.300000000000004,-64.99999999576924 -52.2,-64.99999999576924 -52.10000000000001,-64.99999999576924 -51.99999999999999,-64.99999999576924 -51.9,-64.99999999576924 -51.7999999999999,-64.99999999576924 -51.70000000000001,-64.99999999576924 -51.60000000000001,-64.99999999576924 -51.50000000000001,-64.99999999576924 -51.3999999999999,-64.99999999576924 -51.2999999999999,-64.99999999576924 -51.2,-64.99999999576924 -51.0999999999999,-64.99999999576924 -50.99999999999991,-64.99999999576924 -50.89999999999989,-64.99999999576924 -50.7999999999999,-64.99999999576924 -50.6999999999999,-64.99999999576924 -50.59999999999991,-64.99999999576924 -50.49999999999989,-64.99999999576924 -50.3999999999999,-64.99999999576924 -50.2999999999999,-64.99999999576924 -50.199999999999896,-64.99999999576924 -50.09999999999991,-64.99999999576924 -50.0,-64.99999999576924 -49.99999999999999,-63.99999999629935 -50.1,-63.99999999629935 -50.2,-63.99999999629935 -50.29999999999999,-63.99999999629935 -50.400000000000006,-63.99999999629934 -50.5,-63.99999999629935 -50.60000000000001,-63.99999999629935 -50.7,-63.99999999629935 -50.8,-63.99999999629935 -50.900000000000006,-63.99999999629935 -51.0,-63.99999999629935 -51.1,-63.99999999629935 -51.2,-63.99999999629935 -51.3,-63.99999999629935 -51.4,-63.99999999629935 -51.50000000000001,-63.99999999629935 -51.60000000000001,-63.99999999629935 -51.70000000000001,-63.99999999629935 -51.800000000000004,-63.99999999629935 -51.9,-63.99999999629935 -52.00000000000001,-63.99999999629935 -52.10000000000001,-63.99999999629935 -52.2,-63.99999999629935 -52.300000000000004,-63.99999999629935 -52.4,-63.99999999629935 -52.49999999999999,-63.99999999629935 -52.60000000000001,-63.99999999629935 -52.699999999999996,-63.99999999629935 -52.8,-63.99999999629935 -52.9,-63.99999999629935 -53.0,-63.99999999629935 -53.10000000000001,-63.99999999629935 -53.2000000000001,-63.99999999629935 -53.3,-63.99999999629935 -53.400000000000006,-63.99999999629935 -53.5,-63.99999999629935 -53.6000000000001,-63.99999999629935 -53.70000000000011,-63.99999999629935 -53.8,-63.99999999629935 -53.9000000000001,-63.99999999629935 -54.00000000000011,-63.99999999629935 -54.1000000000001,-63.99999999629935 -54.200000000000095,-63.99999999629935 -54.3000000000001,-63.99999999629935 -54.4000000000001,-63.99999999629935 -54.50000000000011,-63.99999999629935 -54.6000000000001,-63.99999999629935 -54.7000000000001,-63.99999999629934 -54.80000000000009,-63.99999999629935 -54.9000000000001,-63.99999999629935 -55.0,-63.99999999629935</coordinates>
                        </LinearRing>
                    </outerBoundaryIs>
                </Polygon>
            </Placemark>
            <Placemark id="research_blocks.124650">
                <ExtendedData>
                    <SchemaData schemaUrl="#research_blocks_1">
                        <SimpleData name="GAR_ID">124650</SimpleData>
                        <SimpleData name="GAR_Name">Research Block 88.3_11</SimpleData>
                        <SimpleData name="GAR_Short_Label">883_11</SimpleData>
                        <SimpleData name="GAR_Long_Label">88.3_11</SimpleData>
                        <SimpleData name="GAR_Start_Date">2024-11-29Z</SimpleData>
                        <SimpleData name="GAR_Description">WG-FSA-IMAF-2024 Table 10</SimpleData>
                        <SimpleData name="GAR_Reference">WG-FSA-IMAF-2024 Table 10</SimpleData>
                        <SimpleData name="ATY_ID">7</SimpleData>
                        <SimpleData name="CreatedBy">gary</SimpleData>
                        <SimpleData name="CreatedOn">2024-12-11T00:24:25Z</SimpleData>
                        <SimpleData name="ModifiedBy">gary</SimpleData>
                        <SimpleData name="ModifiedOn">2024-12-11T00:24:25Z</SimpleData>
                        <SimpleData name="GAR_Size">30801.90</SimpleData>
                    </SchemaData>
                </ExtendedData>
                <Polygon>
                    <outerBoundaryIs>
                        <LinearRing>
                            <tessellate>1</tessellate>
                            <coordinates>-100.0,-69.99999999369757 -99.89999999999999,-69.99999999369757 -99.8,-69.99999999369757 -99.7,-69.99999999369757 -99.60000000000001,-69.99999999369757 -99.5,-69.99999999369757 -99.39999999999999,-69.99999999369757 -99.3,-69.99999999369757 -99.19999999999999,-69.99999999369757 -99.09999999999998,-69.99999999369757 -99.00000000000001,-69.99999999369757 -98.89999999999999,-69.99999999369757 -98.8,-69.99999999369757 -98.7,-69.99999999369757 -98.60000000000001,-69.99999999369757 -98.50000000000001,-69.99999999369757 -98.39999999999999,-69.99999999369757 -98.3,-69.99999999369757 -98.19999999999999,-69.99999999369757 -98.1,-69.99999999369757 -98.0,-69.99999999369757 -97.89999999999999,-69.99999999369757 -97.80000000000003,-69.99999999369757 -97.69999999999999,-69.99999999369757 -97.60000000000001,-69.99999999369757 -97.50000000000001,-69.99999999369757 -97.4,-69.99999999369757 -97.3,-69.99999999369757 -97.19999999999999,-69.99999999369757 -97.1,-69.99999999369757 -97.0,-69.99999999369757 -96.89999999999998,-69.99999999369757 -96.80000000000001,-69.99999999369757 -96.69999999999999,-69.99999999369757 -96.6,-69.99999999369757 -96.5,-69.99999999369757 -96.4,-69.99999999369757 -96.30000000000001,-69.99999999369757 -96.20000000000002,-69.99999999369757 -96.1,-69.99999999369757 -96.00000000000001,-69.99999999369757 -95.89999999999999,-69.99999999369757 -95.79999999999998,-69.99999999369757 -95.69999999999999,-69.99999999369757 -95.6,-69.99999999369757 -95.5,-69.99999999369757 -95.4,-69.99999999369757 -95.30000000000001,-69.99999999369757 -95.19999999999999,-69.99999999369757 -95.1,-69.99999999369757 -95.00000000000003,-69.99999999369757 -95.00000000000003,-69.99999999369757 -95.0,-71.49999999333372 -95.0,-71.49999999333372 -95.1,-71.49999999333372 -95.19999999999999,-71.49999999333372 -95.30000000000001,-71.49999999333372 -95.39999999999999,-71.49999999333372 -95.5,-71.49999999333372 -95.60000000000002,-71.49999999333372 -95.69999999999999,-71.49999999333372 -95.80000000000001,-71.49999999333372 -95.89999999999999,-71.49999999333372 -96.00000000000001,-71.49999999333372 -96.10000000000001,-71.49999999333372 -96.19999999999999,-71.49999999333372 -96.30000000000001,-71.49999999333372 -96.4,-71.49999999333372 -96.50000000000001,-71.49999999333372 -96.60000000000001,-71.49999999333372 -96.69999999999999,-71.49999999333372 -96.80000000000001,-71.49999999333372 -96.89999999999998,-71.49999999333372 -97.0,-71.49999999333372 -97.1,-71.49999999333372 -97.19999999999999,-71.49999999333372 -97.30000000000003,-71.49999999333372 -97.40000000000002,-71.49999999333372 -97.50000000000001,-71.49999999333372 -97.6,-71.49999999333372 -97.69999999999999,-71.49999999333372 -97.8,-71.49999999333372 -97.89999999999999,-71.49999999333372 -98.0,-71.49999999333372 -98.1,-71.49999999333372 -98.19999999999999,-71.49999999333372 -98.3,-71.49999999333372 -98.39999999999999,-71.49999999333372 -98.50000000000001,-71.49999999333372 -98.60000000000001,-71.49999999333372 -98.7,-71.49999999333372 -98.8,-71.49999999333372 -98.89999999999999,-71.49999999333372 -99.00000000000001,-71.49999999333372 -99.09999999999998,-71.49999999333372 -99.19999999999999,-71.49999999333372 -99.3,-71.49999999333372 -99.39999999999999,-71.49999999333372 -99.5,-71.49999999333372 -99.60000000000001,-71.49999999333372 -99.7,-71.49999999333372 -99.80000000000001,-71.49999999333372 -99.89999999999999,-71.49999999333372 -100.0,-71.49999999333372 -100.0,-71.49999999333372 -100.0,-69.99999999369757</coordinates>
                        </LinearRing>
                    </outerBoundaryIs>
                </Polygon>
            </Placemark>
            <Placemark id="research_blocks.124649">
                <ExtendedData>
                    <SchemaData schemaUrl="#research_blocks_1">
                        <SimpleData name="GAR_ID">124649</SimpleData>
                        <SimpleData name="GAR_Name">Research Block 88.3_12</SimpleData>
                        <SimpleData name="GAR_Short_Label">883_12</SimpleData>
                        <SimpleData name="GAR_Long_Label">88.3_12</SimpleData>
                        <SimpleData name="GAR_Start_Date">2024-11-29Z</SimpleData>
                        <SimpleData name="GAR_Description">WG-FSA-IMAF-2024 Table 10</SimpleData>
                        <SimpleData name="GAR_Reference">WG-FSA-IMAF-2024 Table 10</SimpleData>
                        <SimpleData name="ATY_ID">7</SimpleData>
                        <SimpleData name="CreatedBy">gary</SimpleData>
                        <SimpleData name="CreatedOn">2024-12-11T00:25:43Z</SimpleData>
                        <SimpleData name="ModifiedBy">gary</SimpleData>
                        <SimpleData name="ModifiedOn">2024-12-11T00:25:43Z</SimpleData>
                        <SimpleData name="GAR_Size">30801.90</SimpleData>
                    </SchemaData>
                </ExtendedData>
                <Polygon>
                    <outerBoundaryIs>
                        <LinearRing>
                            <tessellate>1</tessellate>
                            <coordinates>-95.00000000000003,-69.99999999369757 -94.89999999999999,-69.99999999369757 -94.8,-69.99999999369757 -94.69999999999997,-69.99999999369757 -94.6,-69.99999999369757 -94.5,-69.99999999369757 -94.39999999999999,-69.99999999369757 -94.3,-69.99999999369757 -94.2,-69.99999999369757 -94.10000000000001,-69.99999999369757 -94.00000000000003,-69.99999999369757 -93.89999999999999,-69.99999999369757 -93.8,-69.99999999369757 -93.69999999999999,-69.99999999369757 -93.59999999999998,-69.99999999369757 -93.49999999999999,-69.99999999369757 -93.39999999999999,-69.99999999369757 -93.30000000000001,-69.99999999369757 -93.19999999999999,-69.99999999369757 -93.10000000000001,-69.99999999369757 -93.00000000000001,-69.99999999369757 -92.89999999999999,-69.99999999369757 -92.8,-69.99999999369757 -92.69999999999999,-69.99999999369757 -92.6,-69.99999999369757 -92.5,-69.99999999369757 -92.39999999999999,-69.99999999369757 -92.3,-69.99999999369757 -92.19999999999999,-69.99999999369757 -92.10000000000001,-69.99999999369757 -92.0,-69.99999999369757 -91.9,-69.99999999369757 -91.8,-69.99999999369757 -91.69999999999999,-69.99999999369757 -91.6,-69.99999999369757 -91.5,-69.99999999369757 -91.39999999999998,-69.99999999369757 -91.29999999999998,-69.99999999369757 -91.19999999999999,-69.99999999369757 -91.1,-69.99999999369757 -91.0,-69.99999999369757 -90.9,-69.99999999369757 -90.80000000000001,-69.99999999369757 -90.69999999999999,-69.99999999369757 -90.6,-69.99999999369757 -90.5,-69.99999999369757 -90.39999999999999,-69.99999999369757 -90.3,-69.99999999369757 -90.19999999999999,-69.99999999369757 -90.1,-69.99999999369757 -90.0,-69.99999999369757 -90.0,-69.99999999369757 -90.0,-71.49999999333372 -90.0,-71.49999999333372 -90.1,-71.49999999333372 -90.19999999999999,-71.49999999333372 -90.3,-71.49999999333372 -90.39999999999999,-71.49999999333372 -90.5,-71.49999999333372 -90.6,-71.49999999333372 -90.69999999999999,-71.49999999333372 -90.80000000000001,-71.49999999333372 -90.9,-71.49999999333372 -91.0,-71.49999999333372 -91.1,-71.49999999333372 -91.19999999999999,-71.49999999333372 -91.29999999999998,-71.49999999333372 -91.39999999999998,-71.49999999333372 -91.5,-71.49999999333372 -91.6,-71.49999999333372 -91.69999999999999,-71.49999999333372 -91.8,-71.49999999333372 -91.9,-71.49999999333372 -92.0,-71.49999999333372 -92.1,-71.49999999333372 -92.2,-71.49999999333372 -92.3,-71.49999999333372 -92.39999999999999,-71.49999999333372 -92.5,-71.49999999333372 -92.6,-71.49999999333372 -92.7,-71.49999999333372 -92.80000000000001,-71.49999999333372 -92.90000000000002,-71.49999999333372 -93.00000000000001,-71.49999999333372 -93.10000000000001,-71.49999999333372 -93.19999999999999,-71.49999999333372 -93.3,-71.49999999333372 -93.4,-71.49999999333372 -93.49999999999999,-71.49999999333372 -93.59999999999998,-71.49999999333372 -93.69999999999999,-71.49999999333372 -93.8,-71.49999999333372 -93.89999999999999,-71.49999999333372 -94.0,-71.49999999333372 -94.10000000000001,-71.49999999333372 -94.2,-71.49999999333372 -94.3,-71.49999999333372 -94.39999999999999,-71.49999999333372 -94.5,-71.49999999333372 -94.6,-71.49999999333372 -94.69999999999997,-71.49999999333372 -94.8,-71.49999999333372 -94.89999999999999,-71.49999999333372 -95.0,-71.49999999333372 -95.0,-71.49999999333372 -95.00000000000003,-69.99999999369757</coordinates>
                        </LinearRing>
                    </outerBoundaryIs>
                </Polygon>
            </Placemark>
            <Placemark id="research_blocks.92767">
                <ExtendedData>
                    <SchemaData schemaUrl="#research_blocks_1">
                        <SimpleData name="GAR_ID">92767</SimpleData>
                        <SimpleData name="GAR_Name">Research Block 88.2_1</SimpleData>
                        <SimpleData name="GAR_Short_Label">882_1</SimpleData>
                        <SimpleData name="GAR_Long_Label">88.2_1</SimpleData>
                        <SimpleData name="GAR_Start_Date">2014-11-30Z</SimpleData>
                        <SimpleData name="GAR_Description">CONSERVATION MEASURE 41-10(2014)</SimpleData>
                        <SimpleData name="GAR_Reference">CONSERVATION MEASURE 41-10(2014)</SimpleData>
                        <SimpleData name="ATY_ID">7</SimpleData>
                        <SimpleData name="CreatedBy">tim</SimpleData>
                        <SimpleData name="CreatedOn">2016-11-29T07:00:17Z</SimpleData>
                        <SimpleData name="ModifiedBy">gary</SimpleData>
                        <SimpleData name="ModifiedOn">2026-01-29T01:18:03Z</SimpleData>
                        <SimpleData name="GAR_Size">12065.71</SimpleData>
                    </SchemaData>
                </ExtendedData>
                <Polygon>
                    <outerBoundaryIs>
                        <LinearRing>
                            <tessellate>1</tessellate>
                            <coordinates>-108.00000000000001,-73.79999999305764 -107.90000000000002,-73.79999999305764 -107.8,-73.79999999305764 -107.7,-73.79999999305764 -107.6,-73.79999999305764 -107.5,-73.79999999305764 -107.40000000000002,-73.79999999305764 -107.30000000000001,-73.79999999305764 -107.2,-73.79999999305764 -107.1,-73.79999999305764 -107.0,-73.79999999305764 -106.9,-73.79999999305764 -106.80000000000001,-73.79999999305764 -106.70000000000002,-73.79999999305764 -106.6,-73.79999999305764 -106.5,-73.79999999305764 -106.4,-73.79999999305764 -106.30000000000001,-73.79999999305764 -106.20000000000002,-73.79999999305764 -106.1,-73.79999999305764 -106.0,-73.79999999305764 -105.90000000000002,-73.79999999305764 -105.80000000000001,-73.79999999305764 -105.7,-73.79999999305764 -105.60000000000002,-73.79999999305764 -105.50000000000003,-73.79999999305764 -105.40000000000002,-73.79999999305764 -105.3,-73.79999999305764 -105.20000000000002,-73.79999999305764 -105.10000000000002,-73.79999999305764 -105.0,-73.79999999305764 -105.0,-74.99999999305665 -105.10000000000001,-74.99999999305665 -105.20000000000002,-74.99999999305665 -105.3,-74.99999999305665 -105.40000000000002,-74.99999999305665 -105.5,-74.99999999305665 -105.6,-74.99999999305665 -105.7,-74.99999999305665 -105.8,-74.99999999305665 -105.90000000000002,-74.99999999305665 -106.0,-74.99999999305665 -106.1,-74.99999999305665 -106.20000000000002,-74.99999999305665 -106.30000000000001,-74.99999999305665 -106.4,-74.99999999305665 -106.5,-74.99999999305665 -106.6,-74.99999999305665 -106.70000000000002,-74.99999999305665 -106.80000000000001,-74.99999999305665 -106.9,-74.99999999305665 -107.0,-74.99999999305665 -107.1,-74.99999999305665 -107.2,-74.99999999305665 -107.30000000000001,-74.99999999305665 -107.40000000000002,-74.99999999305665 -107.5,-74.99999999305665 -107.6,-74.99999999305665 -107.7,-74.99999999305665 -107.8,-74.99999999305665 -107.90000000000002,-74.99999999305665 -108.00000000000001,-74.99999999305665 -108.00000000000001,-73.79999999305764</coordinates>
                        </LinearRing>
                    </outerBoundaryIs>
                </Polygon>
            </Placemark>
            <Placemark id="research_blocks.92768">
                <ExtendedData>
                    <SchemaData schemaUrl="#research_blocks_1">
                        <SimpleData name="GAR_ID">92768</SimpleData>
                        <SimpleData name="GAR_Name">Research Block 88.2_2</SimpleData>
                        <SimpleData name="GAR_Short_Label">882_2</SimpleData>
                        <SimpleData name="GAR_Long_Label">88.2_2</SimpleData>
                        <SimpleData name="GAR_Start_Date">2014-11-30Z</SimpleData>
                        <SimpleData name="GAR_Description">CONSERVATION MEASURE 41-10(2014)</SimpleData>
                        <SimpleData name="GAR_Reference">CONSERVATION MEASURE 41-10(2014)</SimpleData>
                        <SimpleData name="ATY_ID">7</SimpleData>
                        <SimpleData name="CreatedBy">tim</SimpleData>
                        <SimpleData name="CreatedOn">2016-11-29T07:00:17Z</SimpleData>
                        <SimpleData name="ModifiedBy">gary</SimpleData>
                        <SimpleData name="ModifiedOn">2026-01-29T01:23:20Z</SimpleData>
                        <SimpleData name="GAR_Size">23539.26</SimpleData>
                    </SchemaData>
                </ExtendedData>
                <Polygon>
                    <outerBoundaryIs>
                        <LinearRing>
                            <tessellate>1</tessellate>
                            <coordinates>-119.00000000000003,-73.29999999308741 -118.90000000000003,-73.29999999308741 -118.79999999999998,-73.29999999308741 -118.69999999999999,-73.29999999308744 -118.60000000000001,-73.29999999308744 -118.50000000000001,-73.29999999308741 -118.40000000000002,-73.29999999308741 -118.30000000000003,-73.29999999308744 -118.2,-73.29999999308741 -118.10000000000001,-73.29999999308741 -118.00000000000001,-73.29999999308741 -117.90000000000003,-73.29999999308744 -117.80000000000001,-73.29999999308744 -117.7,-73.29999999308741 -117.60000000000001,-73.29999999308744 -117.5,-73.29999999308741 -117.40000000000002,-73.29999999308741 -117.30000000000003,-73.29999999308744 -117.20000000000003,-73.29999999308744 -117.1,-73.29999999308741 -117.0,-73.29999999308741 -116.9,-73.29999999308744 -116.80000000000001,-73.29999999308741 -116.69999999999999,-73.29999999308744 -116.6,-73.29999999308741 -116.5,-73.29999999308744 -116.40000000000005,-73.29999999308741 -116.3,-73.29999999308741 -116.2,-73.29999999308741 -116.1,-73.29999999308741 -116.0,-73.29999999308741 -115.9,-73.29999999308741 -115.80000000000003,-73.29999999308744 -115.70000000000003,-73.29999999308744 -115.59999999999998,-73.29999999308741 -115.49999999999999,-73.29999999308741 -115.39999999999999,-73.29999999308741 -115.3,-73.29999999308744 -115.20000000000002,-73.29999999308741 -115.10000000000002,-73.29999999308741 -114.99999999999999,-73.29999999308741 -114.90000000000003,-73.29999999308744 -114.80000000000004,-73.29999999308744 -114.70000000000002,-73.29999999308741 -114.6,-73.29999999308741 -114.50000000000001,-73.29999999308741 -114.40000000000002,-73.29999999308741 -114.3,-73.29999999308741 -114.2,-73.29999999308741 -114.10000000000001,-73.29999999308741 -114.00000000000001,-73.29999999308741 -113.89999999999999,-73.29999999308741 -113.8,-73.29999999308741 -113.7,-73.29999999308741 -113.6,-73.29999999308741 -113.5,-73.29999999308741 -113.4,-73.29999999308741 -113.3,-73.29999999308741 -113.2,-73.29999999308741 -113.1,-73.29999999308741 -113.00000000000001,-73.29999999308744 -112.90000000000002,-73.29999999308741 -112.79999999999998,-73.29999999308741 -112.7,-73.29999999308741 -112.6,-73.29999999308741 -112.50000000000001,-73.29999999308744 -112.40000000000002,-73.29999999308741 -112.30000000000001,-73.29999999308744 -112.20000000000002,-73.29999999308741 -112.10000000000001,-73.29999999308744 -112.00000000000001,-73.29999999308741 -111.90000000000002,-73.29999999308741 -111.80000000000001,-73.29999999308741 -111.70000000000002,-73.29999999308741 -111.6,-73.29999999308744 -111.5,-73.29999999308741 -111.50000000000001,-74.19999999304633 -111.6,-74.19999999304633 -111.70000000000002,-74.19999999304633 -111.80000000000001,-74.19999999304633 -111.90000000000002,-74.19999999304633 -112.0,-74.19999999304633 -112.1,-74.19999999304633 -112.20000000000002,-74.19999999304633 -112.30000000000001,-74.19999999304633 -112.40000000000002,-74.19999999304633 -112.50000000000001,-74.19999999304633 -112.6,-74.19999999304633 -112.7,-74.19999999304633 -112.79999999999998,-74.19999999304633 -112.90000000000002,-74.19999999304633 -113.00000000000001,-74.19999999304633 -113.1,-74.19999999304633 -113.2,-74.19999999304633 -113.30000000000003,-74.19999999304633 -113.4,-74.19999999304633 -113.50000000000001,-74.19999999304633 -113.6,-74.19999999304633 -113.7,-74.19999999304633 -113.8,-74.19999999304633 -113.90000000000002,-74.19999999304633 -114.00000000000003,-74.19999999304633 -114.10000000000001,-74.19999999304633 -114.2,-74.19999999304633 -114.3,-74.19999999304633 -114.40000000000002,-74.19999999304633 -114.50000000000001,-74.19999999304633 -114.6,-74.19999999304633 -114.70000000000003,-74.19999999304633 -114.80000000000004,-74.19999999304633 -114.90000000000003,-74.19999999304633 -114.99999999999999,-74.19999999304633 -115.10000000000002,-74.19999999304633 -115.20000000000002,-74.19999999304633 -115.3,-74.19999999304633 -115.39999999999999,-74.19999999304633 -115.49999999999999,-74.19999999304633 -115.59999999999998,-74.19999999304633 -115.70000000000003,-74.19999999304633 -115.80000000000003,-74.19999999304633 -115.9,-74.19999999304633 -116.0,-74.19999999304633 -116.1,-74.19999999304633 -116.2,-74.19999999304633 -116.3,-74.19999999304633 -116.40000000000005,-74.19999999304633 -116.50000000000004,-74.19999999304633 -116.6,-74.19999999304633 -116.69999999999999,-74.19999999304633 -116.80000000000001,-74.19999999304633 -116.9,-74.19999999304633 -117.0,-74.19999999304633 -117.1,-74.19999999304633 -117.20000000000002,-74.19999999304633 -117.30000000000003,-74.19999999304633 -117.4,-74.19999999304633 -117.5,-74.19999999304633 -117.6,-74.19999999304633 -117.7,-74.19999999304633 -117.80000000000001,-74.19999999304633 -117.90000000000003,-74.19999999304633 -118.00000000000001,-74.19999999304633 -118.10000000000001,-74.19999999304633 -118.2,-74.19999999304633 -118.30000000000003,-74.19999999304633 -118.40000000000002,-74.19999999304633 -118.50000000000001,-74.19999999304633 -118.60000000000001,-74.19999999304633 -118.69999999999999,-74.19999999304633 -118.79999999999998,-74.19999999304633 -118.90000000000002,-74.19999999304633 -119.0,-74.19999999304633 -119.00000000000003,-73.29999999308741</coordinates>
                        </LinearRing>
                    </outerBoundaryIs>
                </Polygon>
            </Placemark>
        </Folder>
    </Document>
</kml>
